category,uid,previous_class,new_class,best_fg_ratio,best_bbox_area_ratio,best_max_dim,view_classes,diag_ratio,usd_path
cabinet,05b603614a4ff2f04bfa544a2d85a0bd,tiny,tiny,0.003071,0.008076,73,tiny;tiny;tiny;tiny,12490962689454163525922493642454335488.000000,/cpfs/user/zhuzihou/assets/dedup_workspaces/test0_transitive_apply_parallel/dataset/GRScenes_assets/cabinet/05b603614a4ff2f04bfa544a2d85a0bd/usd/05b603614a4ff2f04bfa544a2d85a0bd.usd
cabinet,06ba887f18c9cd0fdc34bd23e2c31de2,tiny,tiny,0.001087,0.001831,24,blank;blank;blank;tiny,6290528836023835781301761439109742592.000000,/cpfs/user/zhuzihou/assets/dedup_workspaces/test0_transitive_apply_parallel/dataset/GRScenes_assets/cabinet/06ba887f18c9cd0fdc34bd23e2c31de2/usd/06ba887f18c9cd0fdc34bd23e2c31de2.usd
cabinet,0968a1c333825e9d2f912db1d353b0e8,blank,blank,0.000000,0.000000,0,blank;blank;blank;blank,18996456596593245205123840454927843328.000000,/cpfs/user/zhuzihou/assets/dedup_workspaces/test0_transitive_apply_parallel/dataset/GRScenes_assets/cabinet/0968a1c333825e9d2f912db1d353b0e8/usd/0968a1c333825e9d2f912db1d353b0e8.usd
cabinet,0b558ffc6d640331607c4eeca7e99fb6,tiny,tiny,0.012486,0.013245,62,blank;blank;tiny;blank,11429599220255751212088244779423367168.000000,/cpfs/user/zhuzihou/assets/dedup_workspaces/test0_transitive_apply_parallel/dataset/GRScenes_assets/cabinet/0b558ffc6d640331607c4eeca7e99fb6/usd/0b558ffc6d640331607c4eeca7e99fb6.usd
cabinet,0dd113faaefaf20150c364db6c094d46,tiny,tiny,0.015022,0.019455,75,tiny;blank;blank;blank,11429599744946045067412245968167370752.000000,/cpfs/user/zhuzihou/assets/dedup_workspaces/test0_transitive_apply_parallel/dataset/GRScenes_assets/cabinet/0dd113faaefaf20150c364db6c094d46/usd/0dd113faaefaf20150c364db6c094d46.usd
cabinet,123f6a89cd741c984dc5030f1c7ca2a3,tiny,tiny,0.004429,0.004578,60,blank;tiny;blank;blank,13937248535068965826015833749563899904.000000,/cpfs/user/zhuzihou/assets/dedup_workspaces/test0_transitive_apply_parallel/dataset/GRScenes_assets/cabinet/123f6a89cd741c984dc5030f1c7ca2a3/usd/123f6a89cd741c984dc5030f1c7ca2a3.usd
cabinet,1347473d7fe8c041e902558d24c9e375,blank,blank,0.000000,0.000000,0,blank;blank;blank;blank,26119470683570991895410636815406727168.000000,/cpfs/user/zhuzihou/assets/dedup_workspaces/test0_transitive_apply_parallel/dataset/GRScenes_assets/cabinet/1347473d7fe8c041e902558d24c9e375/usd/1347473d7fe8c041e902558d24c9e375.usd
cabinet,152f5172416f7db261631d902d48e910,tiny,tiny,0.005566,0.008850,80,tiny;blank;blank;blank,11177503596073727514144803421820026880.000000,/cpfs/user/zhuzihou/assets/dedup_workspaces/test0_transitive_apply_parallel/dataset/GRScenes_assets/cabinet/152f5172416f7db261631d902d48e910/usd/152f5172416f7db261631d902d48e910.usd
cabinet,1a90eabdd92d987169fdd8e83b63c939,blank,blank,0.000000,0.000000,0,blank;blank;blank;blank,13749482928041033838775876367643836416.000000,/cpfs/user/zhuzihou/assets/dedup_workspaces/test0_transitive_apply_parallel/dataset/GRScenes_assets/cabinet/1a90eabdd92d987169fdd8e83b63c939/usd/1a90eabdd92d987169fdd8e83b63c939.usd
cabinet,1e4fec39fe2640c5567413a407c0550a,tiny,tiny,0.001518,0.001602,42,tiny;blank;blank;blank,8403301208649506821777956330782326784.000000,/cpfs/user/zhuzihou/assets/dedup_workspaces/test0_transitive_apply_parallel/dataset/GRScenes_assets/cabinet/1e4fec39fe2640c5567413a407c0550a/usd/1e4fec39fe2640c5567413a407c0550a.usd
cabinet,1f920706d855b66a9423f8bf95c65ebd,tiny,tiny,0.001190,0.002197,48,blank;tiny;blank;blank,6887668745353006324872559017920036864.000000,/cpfs/user/zhuzihou/assets/dedup_workspaces/test0_transitive_apply_parallel/dataset/GRScenes_assets/cabinet/1f920706d855b66a9423f8bf95c65ebd/usd/1f920706d855b66a9423f8bf95c65ebd.usd
cabinet,221e842ce1e790bddf5af9d9e29dbeec,tiny,tiny,0.001503,0.001522,57,tiny;blank;blank;blank,8403301208649506821777956330782326784.000000,/cpfs/user/zhuzihou/assets/dedup_workspaces/test0_transitive_apply_parallel/dataset/GRScenes_assets/cabinet/221e842ce1e790bddf5af9d9e29dbeec/usd/221e842ce1e790bddf5af9d9e29dbeec.usd
cabinet,2d7a430d61d143c157c48cd1bb9906eb,tiny,tiny,0.012054,0.013729,61,tiny;blank;blank;blank,4086243009970062613218574550656090112.000000,/cpfs/user/zhuzihou/assets/dedup_workspaces/test0_transitive_apply_parallel/dataset/GRScenes_assets/cabinet/2d7a430d61d143c157c48cd1bb9906eb/usd/2d7a430d61d143c157c48cd1bb9906eb.usd
cabinet,2ed9edd34221c034f3835f97b1781350,tiny,tiny,0.005684,0.011482,70,tiny;blank;blank;blank,3323881620609433952580425015011311616.000000,/cpfs/user/zhuzihou/assets/dedup_workspaces/test0_transitive_apply_parallel/dataset/GRScenes_assets/cabinet/2ed9edd34221c034f3835f97b1781350/usd/2ed9edd34221c034f3835f97b1781350.usd
cabinet,2f879eed3493f998cab1131945feee62,tiny,tiny,0.003056,0.005798,80,tiny;blank;blank;blank,11416342522019361574763358428434792448.000000,/cpfs/user/zhuzihou/assets/dedup_workspaces/test0_transitive_apply_parallel/dataset/GRScenes_assets/cabinet/2f879eed3493f998cab1131945feee62/usd/2f879eed3493f998cab1131945feee62.usd
cabinet,306a16dccd08838e615c565e1c9ee0e6,tiny,tiny,0.003090,0.008633,73,blank;blank;tiny;blank,12995126338317849359796015927549493248.000000,/cpfs/user/zhuzihou/assets/dedup_workspaces/test0_transitive_apply_parallel/dataset/GRScenes_assets/cabinet/306a16dccd08838e615c565e1c9ee0e6/usd/306a16dccd08838e615c565e1c9ee0e6.usd
cabinet,3399337a68a2bb41b4f4ebc20590fd94,blank,blank,0.000000,0.000000,0,blank;blank;blank;blank,14451303053171810958611181726924275712.000000,/cpfs/user/zhuzihou/assets/dedup_workspaces/test0_transitive_apply_parallel/dataset/GRScenes_assets/cabinet/3399337a68a2bb41b4f4ebc20590fd94/usd/3399337a68a2bb41b4f4ebc20590fd94.usd
cabinet,34347451d4ef792f7cd8bf986d2572e6,blank,blank,0.000923,0.001923,36,blank;blank;blank;blank,20458645450571314701222738989988970496.000000,/cpfs/user/zhuzihou/assets/dedup_workspaces/test0_transitive_apply_parallel/dataset/GRScenes_assets/cabinet/34347451d4ef792f7cd8bf986d2572e6/usd/34347451d4ef792f7cd8bf986d2572e6.usd
cabinet,365155e8781d53f97be5426f5518638e,blank,blank,0.000000,0.000000,0,blank;blank;blank;blank,18024724958380583903627732604680142848.000000,/cpfs/user/zhuzihou/assets/dedup_workspaces/test0_transitive_apply_parallel/dataset/GRScenes_assets/cabinet/365155e8781d53f97be5426f5518638e/usd/365155e8781d53f97be5426f5518638e.usd
cabinet,36784bfb585bdb14174f19549409978f,tiny,tiny,0.003811,0.005222,37,blank;blank;blank;tiny,8932643181404186642804316230314360832.000000,/cpfs/user/zhuzihou/assets/dedup_workspaces/test0_transitive_apply_parallel/dataset/GRScenes_assets/cabinet/36784bfb585bdb14174f19549409978f/usd/36784bfb585bdb14174f19549409978f.usd
cabinet,3a0d2a8e5ae7e4ad9623d478712760ac,tiny,tiny,0.001251,0.001511,36,blank;blank;blank;tiny,6646756492906211085257084339612549120.000000,/cpfs/user/zhuzihou/assets/dedup_workspaces/test0_transitive_apply_parallel/dataset/GRScenes_assets/cabinet/3a0d2a8e5ae7e4ad9623d478712760ac/usd/3a0d2a8e5ae7e4ad9623d478712760ac.usd
cabinet,4441e4614b32447ba28d5d9bc67f0390,blank,blank,0.000000,0.000000,0,blank;blank;blank;blank,22839474325560143689272347861574483968.000000,/cpfs/user/zhuzihou/assets/dedup_workspaces/test0_transitive_apply_parallel/dataset/GRScenes_assets/cabinet/4441e4614b32447ba28d5d9bc67f0390/usd/4441e4614b32447ba28d5d9bc67f0390.usd
cabinet,44bb282febf69ed6b92b6a239d306d69,blank,blank,0.000038,0.000053,7,blank;blank;blank;blank,4654964213940521633621906831284633600.000000,/cpfs/user/zhuzihou/assets/dedup_workspaces/test0_transitive_apply_parallel/dataset/GRScenes_assets/cabinet/44bb282febf69ed6b92b6a239d306d69/usd/44bb282febf69ed6b92b6a239d306d69.usd
cabinet,46f0865f80677d8cfa43d88816727556,blank,blank,0.000797,0.001217,29,blank;blank;blank;blank,29597136396046230984488558305675837440.000000,/cpfs/user/zhuzihou/assets/dedup_workspaces/test0_transitive_apply_parallel/dataset/GRScenes_assets/cabinet/46f0865f80677d8cfa43d88816727556/usd/46f0865f80677d8cfa43d88816727556.usd
cabinet,4866619352707772cd8a6b51d67b0505,tiny,tiny,0.011501,0.018402,72,blank;blank;tiny;blank,6462238822923830702172193739811848192.000000,/cpfs/user/zhuzihou/assets/dedup_workspaces/test0_transitive_apply_parallel/dataset/GRScenes_assets/cabinet/4866619352707772cd8a6b51d67b0505/usd/4866619352707772cd8a6b51d67b0505.usd
cabinet,4932633b756863150ebe85421dc429f8,blank,blank,0.000000,0.000000,0,blank;blank;blank;blank,16735019852763756516695528521898917888.000000,/cpfs/user/zhuzihou/assets/dedup_workspaces/test0_transitive_apply_parallel/dataset/GRScenes_assets/cabinet/4932633b756863150ebe85421dc429f8/usd/4932633b756863150ebe85421dc429f8.usd
cabinet,4a160695503292c2a05b2c733abe7249,blank,blank,0.000000,0.000000,0,blank;blank;blank;blank,20094810407700937871319892815182299136.000000,/cpfs/user/zhuzihou/assets/dedup_workspaces/test0_transitive_apply_parallel/dataset/GRScenes_assets/cabinet/4a160695503292c2a05b2c733abe7249/usd/4a160695503292c2a05b2c733abe7249.usd
cabinet,4b2ade4221cfba0b32f70ef5686852fb,tiny,tiny,0.002625,0.003296,32,tiny;blank;blank;blank,15537531284886653323968820177862131712.000000,/cpfs/user/zhuzihou/assets/dedup_workspaces/test0_transitive_apply_parallel/dataset/GRScenes_assets/cabinet/4b2ade4221cfba0b32f70ef5686852fb/usd/4b2ade4221cfba0b32f70ef5686852fb.usd
cabinet,4b7b6a6d27f5e3f48f4462424ec81c06,blank,blank,0.000000,0.000000,0,blank;blank;blank;blank,14208048432295638278363298705214275584.000000,/cpfs/user/zhuzihou/assets/dedup_workspaces/test0_transitive_apply_parallel/dataset/GRScenes_assets/cabinet/4b7b6a6d27f5e3f48f4462424ec81c06/usd/4b7b6a6d27f5e3f48f4462424ec81c06.usd
cabinet,4c482f4c32887985a807ee43ba1c3484,tiny,tiny,0.001324,0.001545,27,blank;blank;blank;tiny,6735843480161784921789717169989222400.000000,/cpfs/user/zhuzihou/assets/dedup_workspaces/test0_transitive_apply_parallel/dataset/GRScenes_assets/cabinet/4c482f4c32887985a807ee43ba1c3484/usd/4c482f4c32887985a807ee43ba1c3484.usd
cabinet,5261894c525133cf0a31c4044c63d67b,tiny,tiny,0.002247,0.003044,38,blank;blank;tiny;blank,8751348735376240387599334724541087744.000000,/cpfs/user/zhuzihou/assets/dedup_workspaces/test0_transitive_apply_parallel/dataset/GRScenes_assets/cabinet/5261894c525133cf0a31c4044c63d67b/usd/5261894c525133cf0a31c4044c63d67b.usd
cabinet,5691884c9bfdff084834b5cc0990a68f,tiny,tiny,0.001144,0.001488,30,tiny;blank;blank;blank,20289827601267906715038042944589266944.000000,/cpfs/user/zhuzihou/assets/dedup_workspaces/test0_transitive_apply_parallel/dataset/GRScenes_assets/cabinet/5691884c9bfdff084834b5cc0990a68f/usd/5691884c9bfdff084834b5cc0990a68f.usd
cabinet,579a0f1032f32deb1e3cfd24e9e43d30,blank,blank,0.000084,0.000126,11,blank;blank;blank;blank,6585810021366615481282941677788463104.000000,/cpfs/user/zhuzihou/assets/dedup_workspaces/test0_transitive_apply_parallel/dataset/GRScenes_assets/cabinet/579a0f1032f32deb1e3cfd24e9e43d30/usd/579a0f1032f32deb1e3cfd24e9e43d30.usd
cabinet,58cb16021d7fbfe0f97c5fb02b43b192,tiny,tiny,0.008064,0.013954,62,blank;blank;blank;tiny,5449460551202407164558358351819309056.000000,/cpfs/user/zhuzihou/assets/dedup_workspaces/test0_transitive_apply_parallel/dataset/GRScenes_assets/cabinet/58cb16021d7fbfe0f97c5fb02b43b192/usd/58cb16021d7fbfe0f97c5fb02b43b192.usd
cabinet,5b05fdc79acafd158597bdb0e25c67e9,tiny,tiny,0.003578,0.004021,34,blank;blank;tiny;blank,13624266799296571321424162941998989312.000000,/cpfs/user/zhuzihou/assets/dedup_workspaces/test0_transitive_apply_parallel/dataset/GRScenes_assets/cabinet/5b05fdc79acafd158597bdb0e25c67e9/usd/5b05fdc79acafd158597bdb0e25c67e9.usd
cabinet,5beeaa7bfe13ad1b18b3e90600a3e58e,tiny,tiny,0.001759,0.001789,67,blank;blank;tiny;blank,5340546222185502879722313592491474944.000000,/cpfs/user/zhuzihou/assets/dedup_workspaces/test0_transitive_apply_parallel/dataset/GRScenes_assets/cabinet/5beeaa7bfe13ad1b18b3e90600a3e58e/usd/5beeaa7bfe13ad1b18b3e90600a3e58e.usd
cabinet,614eb436a380818707a3d8012c6d3d5a,tiny,tiny,0.006100,0.007664,49,blank;tiny;blank;blank,4103306955419445626281440145437622272.000000,/cpfs/user/zhuzihou/assets/dedup_workspaces/test0_transitive_apply_parallel/dataset/GRScenes_assets/cabinet/614eb436a380818707a3d8012c6d3d5a/usd/614eb436a380818707a3d8012c6d3d5a.usd
cabinet,65e550a2a69622c20d3e5253ebe10ec7,tiny,tiny,0.009529,0.010006,61,tiny;blank;blank;blank,10684977259476180281305978557131915264.000000,/cpfs/user/zhuzihou/assets/dedup_workspaces/test0_transitive_apply_parallel/dataset/GRScenes_assets/cabinet/65e550a2a69622c20d3e5253ebe10ec7/usd/65e550a2a69622c20d3e5253ebe10ec7.usd
cabinet,68007680b83db0c9fbc59f2431607d9f,tiny,tiny,0.002209,0.012695,64,blank;tiny;blank;blank,4708794654381760338760015062864232448.000000,/cpfs/user/zhuzihou/assets/dedup_workspaces/test0_transitive_apply_parallel/dataset/GRScenes_assets/cabinet/68007680b83db0c9fbc59f2431607d9f/usd/68007680b83db0c9fbc59f2431607d9f.usd
cabinet,70c4f47067d56fdf6daa8d8d40992d61,tiny,tiny,0.011162,0.012062,62,blank;blank;blank;tiny,9894343094025759539116173496028233728.000000,/cpfs/user/zhuzihou/assets/dedup_workspaces/test0_transitive_apply_parallel/dataset/GRScenes_assets/cabinet/70c4f47067d56fdf6daa8d8d40992d61/usd/70c4f47067d56fdf6daa8d8d40992d61.usd
cabinet,71d744218980f92027ad956f72cafbff,tiny,tiny,0.002384,0.007370,69,blank;blank;tiny;blank,13954623068740000997917242408365457408.000000,/cpfs/user/zhuzihou/assets/dedup_workspaces/test0_transitive_apply_parallel/dataset/GRScenes_assets/cabinet/71d744218980f92027ad956f72cafbff/usd/71d744218980f92027ad956f72cafbff.usd
cabinet,72c6bb3de9a62e85fa40e3791a4dd959,blank,blank,0.000000,0.000000,0,blank;blank;blank;blank,4087104045102658864487925747780943872.000000,/cpfs/user/zhuzihou/assets/dedup_workspaces/test0_transitive_apply_parallel/dataset/GRScenes_assets/cabinet/72c6bb3de9a62e85fa40e3791a4dd959/usd/72c6bb3de9a62e85fa40e3791a4dd959.usd
cabinet,74c84af7af82f0b63b0d2345a7e886cd,blank,blank,0.000000,0.000000,0,blank;blank;blank;blank,15659764211733032683587345463749115904.000000,/cpfs/user/zhuzihou/assets/dedup_workspaces/test0_transitive_apply_parallel/dataset/GRScenes_assets/cabinet/74c84af7af82f0b63b0d2345a7e886cd/usd/74c84af7af82f0b63b0d2345a7e886cd.usd
cabinet,77d0281fa21a82ad092dd4db5aa83ce3,blank,blank,0.000000,0.000000,0,blank;blank;blank;blank,6641974321266847578738574682841153536.000000,/cpfs/user/zhuzihou/assets/dedup_workspaces/test0_transitive_apply_parallel/dataset/GRScenes_assets/cabinet/77d0281fa21a82ad092dd4db5aa83ce3/usd/77d0281fa21a82ad092dd4db5aa83ce3.usd
cabinet,80a5764eb9cfe7826affa60737878d6e,tiny,tiny,0.009670,0.013390,78,blank;blank;blank;tiny,8202106915498871887818082794719936512.000000,/cpfs/user/zhuzihou/assets/dedup_workspaces/test0_transitive_apply_parallel/dataset/GRScenes_assets/cabinet/80a5764eb9cfe7826affa60737878d6e/usd/80a5764eb9cfe7826affa60737878d6e.usd
cabinet,8534a4452085d9d13faaa7af8fc6fbdf,tiny,tiny,0.002781,0.004387,46,blank;tiny;blank;blank,10177394693755973908469123097663897600.000000,/cpfs/user/zhuzihou/assets/dedup_workspaces/test0_transitive_apply_parallel/dataset/GRScenes_assets/cabinet/8534a4452085d9d13faaa7af8fc6fbdf/usd/8534a4452085d9d13faaa7af8fc6fbdf.usd
cabinet,97e4e6fdba132273eb1553b855eac208,tiny,tiny,0.003147,0.003433,36,tiny;blank;blank;blank,8080209649055044309276639121396203520.000000,/cpfs/user/zhuzihou/assets/dedup_workspaces/test0_transitive_apply_parallel/dataset/GRScenes_assets/cabinet/97e4e6fdba132273eb1553b855eac208/usd/97e4e6fdba132273eb1553b855eac208.usd
cabinet,98ed5ebf9a72b42a09a1dd23017ffd61,blank,blank,0.000000,0.000000,0,blank;blank;blank;blank,10601258044940507473106411827421511680.000000,/cpfs/user/zhuzihou/assets/dedup_workspaces/test0_transitive_apply_parallel/dataset/GRScenes_assets/cabinet/98ed5ebf9a72b42a09a1dd23017ffd61/usd/98ed5ebf9a72b42a09a1dd23017ffd61.usd
cabinet,9d4f1b6f3201ec34a50beeedc1e2fd4b,tiny,tiny,0.002338,0.008125,71,blank;blank;tiny;blank,13020250766048293768954577763751165952.000000,/cpfs/user/zhuzihou/assets/dedup_workspaces/test0_transitive_apply_parallel/dataset/GRScenes_assets/cabinet/9d4f1b6f3201ec34a50beeedc1e2fd4b/usd/9d4f1b6f3201ec34a50beeedc1e2fd4b.usd
cabinet,9d7a33fc87f1d1f35b9b6c27aa9f0f3c,tiny,tiny,0.006615,0.012634,72,blank;blank;blank;tiny,5439735645707862153388527420618833920.000000,/cpfs/user/zhuzihou/assets/dedup_workspaces/test0_transitive_apply_parallel/dataset/GRScenes_assets/cabinet/9d7a33fc87f1d1f35b9b6c27aa9f0f3c/usd/9d7a33fc87f1d1f35b9b6c27aa9f0f3c.usd
cabinet,a0557ed6069e023d09f7d07fd0ee2d8c,blank,blank,0.000000,0.000000,0,blank;blank;blank;blank,13684653763065714500500761934609514496.000000,/cpfs/user/zhuzihou/assets/dedup_workspaces/test0_transitive_apply_parallel/dataset/GRScenes_assets/cabinet/a0557ed6069e023d09f7d07fd0ee2d8c/usd/a0557ed6069e023d09f7d07fd0ee2d8c.usd
cabinet,a47e962b60da7bece253cf45e250af60,tiny,tiny,0.006054,0.006317,69,blank;blank;tiny;blank,4159467052483651050010326877526294528.000000,/cpfs/user/zhuzihou/assets/dedup_workspaces/test0_transitive_apply_parallel/dataset/GRScenes_assets/cabinet/a47e962b60da7bece253cf45e250af60/usd/a47e962b60da7bece253cf45e250af60.usd
cabinet,aa4a2271947063d2ff6e91dffeefcf81,blank,blank,0.000000,0.000000,0,blank;blank;blank;blank,5526414152089597534027964267676827648.000000,/cpfs/user/zhuzihou/assets/dedup_workspaces/test0_transitive_apply_parallel/dataset/GRScenes_assets/cabinet/aa4a2271947063d2ff6e91dffeefcf81/usd/aa4a2271947063d2ff6e91dffeefcf81.usd
cabinet,abd3bc4faf43927164dc0723fd61da06,tiny,tiny,0.006557,0.007324,48,blank;blank;tiny;blank,7260619757390808947894863682034728960.000000,/cpfs/user/zhuzihou/assets/dedup_workspaces/test0_transitive_apply_parallel/dataset/GRScenes_assets/cabinet/abd3bc4faf43927164dc0723fd61da06/usd/abd3bc4faf43927164dc0723fd61da06.usd
cabinet,affb5e1b5b14570602e61c459d6bc7c5,tiny,tiny,0.001057,0.002014,44,blank;blank;tiny;blank,9103380473989017405714498698040311808.000000,/cpfs/user/zhuzihou/assets/dedup_workspaces/test0_transitive_apply_parallel/dataset/GRScenes_assets/cabinet/affb5e1b5b14570602e61c459d6bc7c5/usd/affb5e1b5b14570602e61c459d6bc7c5.usd
cabinet,b21321e1a2848a1a23a0152c137319cd,blank,blank,0.000000,0.000000,0,blank;blank;blank;blank,31472089552143015938317947165504176128.000000,/cpfs/user/zhuzihou/assets/dedup_workspaces/test0_transitive_apply_parallel/dataset/GRScenes_assets/cabinet/b21321e1a2848a1a23a0152c137319cd/usd/b21321e1a2848a1a23a0152c137319cd.usd
cabinet,baf56f14fe94ce6e51fc2fcd73877608,tiny,tiny,0.004101,0.006294,55,blank;blank;blank;tiny,10033128389211957122026077386839162880.000000,/cpfs/user/zhuzihou/assets/dedup_workspaces/test0_transitive_apply_parallel/dataset/GRScenes_assets/cabinet/baf56f14fe94ce6e51fc2fcd73877608/usd/baf56f14fe94ce6e51fc2fcd73877608.usd
cabinet,c2baafe7faae17a654ae50ac0794baa7,tiny,tiny,0.002113,0.012897,69,blank;tiny;blank;blank,4711614923081719544376767296370114560.000000,/cpfs/user/zhuzihou/assets/dedup_workspaces/test0_transitive_apply_parallel/dataset/GRScenes_assets/cabinet/c2baafe7faae17a654ae50ac0794baa7/usd/c2baafe7faae17a654ae50ac0794baa7.usd
cabinet,c803d393caa7ac5f1ff0fb53e3ff80a8,blank,blank,0.000000,0.000000,0,blank;blank;blank;blank,8497277782122481451537362171000258560.000000,/cpfs/user/zhuzihou/assets/dedup_workspaces/test0_transitive_apply_parallel/dataset/GRScenes_assets/cabinet/c803d393caa7ac5f1ff0fb53e3ff80a8/usd/c803d393caa7ac5f1ff0fb53e3ff80a8.usd
cabinet,cd8e798a564acb1564dc284cbcc5d087,tiny,tiny,0.015152,0.016479,72,blank;blank;tiny;blank,6380043754266724774779319947299389440.000000,/cpfs/user/zhuzihou/assets/dedup_workspaces/test0_transitive_apply_parallel/dataset/GRScenes_assets/cabinet/cd8e798a564acb1564dc284cbcc5d087/usd/cd8e798a564acb1564dc284cbcc5d087.usd
cabinet,ce6d6990195849f50462f4ff0a2b820b,tiny,tiny,0.012302,0.014343,80,tiny;blank;blank;blank,4495523668218495291756777085979328512.000000,/cpfs/user/zhuzihou/assets/dedup_workspaces/test0_transitive_apply_parallel/dataset/GRScenes_assets/cabinet/ce6d6990195849f50462f4ff0a2b820b/usd/ce6d6990195849f50462f4ff0a2b820b.usd
cabinet,cebf73466eb691bf9557a0dc4cf35f67,tiny,tiny,0.004848,0.005081,74,tiny;blank;blank;blank,6537999591015837412492195194543800320.000000,/cpfs/user/zhuzihou/assets/dedup_workspaces/test0_transitive_apply_parallel/dataset/GRScenes_assets/cabinet/cebf73466eb691bf9557a0dc4cf35f67/usd/cebf73466eb691bf9557a0dc4cf35f67.usd
cabinet,cefd05f9afdac3ea57802435e42820d0,tiny,tiny,0.009541,0.011753,79,tiny;blank;blank;blank,8029126779115958446476183678989893632.000000,/cpfs/user/zhuzihou/assets/dedup_workspaces/test0_transitive_apply_parallel/dataset/GRScenes_assets/cabinet/cefd05f9afdac3ea57802435e42820d0/usd/cefd05f9afdac3ea57802435e42820d0.usd
cabinet,d0ef1eb90058ae933c334290d1ac83fc,blank,blank,0.000000,0.000000,0,blank;blank;blank;blank,11974102755645928385829725704699248640.000000,/cpfs/user/zhuzihou/assets/dedup_workspaces/test0_transitive_apply_parallel/dataset/GRScenes_assets/cabinet/d0ef1eb90058ae933c334290d1ac83fc/usd/d0ef1eb90058ae933c334290d1ac83fc.usd
cabinet,d25b1eaa551dc87164ebc6fecefa5e20,tiny,tiny,0.006718,0.007553,45,blank;blank;blank;tiny,10765302325290066867382120080455237632.000000,/cpfs/user/zhuzihou/assets/dedup_workspaces/test0_transitive_apply_parallel/dataset/GRScenes_assets/cabinet/d25b1eaa551dc87164ebc6fecefa5e20/usd/d25b1eaa551dc87164ebc6fecefa5e20.usd
cabinet,d42f2e8221d899971e2effeaf540e2cb,tiny,tiny,0.008133,0.011810,72,blank;blank;blank;tiny,5083805328911844654727902939704197120.000000,/cpfs/user/zhuzihou/assets/dedup_workspaces/test0_transitive_apply_parallel/dataset/GRScenes_assets/cabinet/d42f2e8221d899971e2effeaf540e2cb/usd/d42f2e8221d899971e2effeaf540e2cb.usd
cabinet,d7369035ad50d263c7bb172b208d92c2,blank,blank,0.000000,0.000000,0,blank;blank;blank;blank,20094810407700937871319892815182299136.000000,/cpfs/user/zhuzihou/assets/dedup_workspaces/test0_transitive_apply_parallel/dataset/GRScenes_assets/cabinet/d7369035ad50d263c7bb172b208d92c2/usd/d7369035ad50d263c7bb172b208d92c2.usd
cabinet,def8f92095cc409637c90677fdc879ce,tiny,tiny,0.002605,0.003719,39,blank;tiny;blank;blank,5014676840881240218210586667887099904.000000,/cpfs/user/zhuzihou/assets/dedup_workspaces/test0_transitive_apply_parallel/dataset/GRScenes_assets/cabinet/def8f92095cc409637c90677fdc879ce/usd/def8f92095cc409637c90677fdc879ce.usd
cabinet,e21d4bb1dbfcf5807d8aa4418113613c,tiny,tiny,0.007736,0.008926,60,blank;blank;tiny;blank,13061242455710428953195451894045081600.000000,/cpfs/user/zhuzihou/assets/dedup_workspaces/test0_transitive_apply_parallel/dataset/GRScenes_assets/cabinet/e21d4bb1dbfcf5807d8aa4418113613c/usd/e21d4bb1dbfcf5807d8aa4418113613c.usd
cabinet,e2b8800c58a36ce26a041ea22343d54a,tiny,tiny,0.002224,0.003128,41,tiny;blank;blank;blank,17062281033014037112803738982518095872.000000,/cpfs/user/zhuzihou/assets/dedup_workspaces/test0_transitive_apply_parallel/dataset/GRScenes_assets/cabinet/e2b8800c58a36ce26a041ea22343d54a/usd/e2b8800c58a36ce26a041ea22343d54a.usd
cabinet,e9a4e1fc5ec5eaa27245f6a2b75993ba,tiny,tiny,0.001114,0.001175,28,blank;tiny;blank;blank,17703632114065258846008455902709940224.000000,/cpfs/user/zhuzihou/assets/dedup_workspaces/test0_transitive_apply_parallel/dataset/GRScenes_assets/cabinet/e9a4e1fc5ec5eaa27245f6a2b75993ba/usd/e9a4e1fc5ec5eaa27245f6a2b75993ba.usd
cabinet,ebc2b84a248d43815706c0cc06013d2d,blank,blank,0.000000,0.000000,0,blank;blank;blank;blank,10575897988717116048045823436378865664.000000,/cpfs/user/zhuzihou/assets/dedup_workspaces/test0_transitive_apply_parallel/dataset/GRScenes_assets/cabinet/ebc2b84a248d43815706c0cc06013d2d/usd/ebc2b84a248d43815706c0cc06013d2d.usd
cabinet,ee5e3b5379985e5884dca7d4bafcab0f,blank,blank,0.000000,0.000000,0,blank;blank;blank;blank,22839474781645462745955214673131339776.000000,/cpfs/user/zhuzihou/assets/dedup_workspaces/test0_transitive_apply_parallel/dataset/GRScenes_assets/cabinet/ee5e3b5379985e5884dca7d4bafcab0f/usd/ee5e3b5379985e5884dca7d4bafcab0f.usd
cabinet,f307d93cd235772ea4688ee1f9d51778,tiny,tiny,0.005886,0.007019,46,blank;blank;blank;tiny,4592932131644057880555055723178885120.000000,/cpfs/user/zhuzihou/assets/dedup_workspaces/test0_transitive_apply_parallel/dataset/GRScenes_assets/cabinet/f307d93cd235772ea4688ee1f9d51778/usd/f307d93cd235772ea4688ee1f9d51778.usd
cabinet,f471513f73ace7981707dea152802450,tiny,tiny,0.009483,0.012657,79,tiny;blank;blank;blank,10801342584303985661160339293459185664.000000,/cpfs/user/zhuzihou/assets/dedup_workspaces/test0_transitive_apply_parallel/dataset/GRScenes_assets/cabinet/f471513f73ace7981707dea152802450/usd/f471513f73ace7981707dea152802450.usd
cabinet,f54498f152adc7faea9a7bee1bb3c0a1,tiny,tiny,0.003765,0.004280,34,tiny;blank;blank;blank,17976113762405199776827121692399632384.000000,/cpfs/user/zhuzihou/assets/dedup_workspaces/test0_transitive_apply_parallel/dataset/GRScenes_assets/cabinet/f54498f152adc7faea9a7bee1bb3c0a1/usd/f54498f152adc7faea9a7bee1bb3c0a1.usd
cabinet,f607af751f597c1f78f663c648c662f9,tiny,tiny,0.009399,0.010681,56,blank;blank;tiny;blank,4976593795879913405897808464572317696.000000,/cpfs/user/zhuzihou/assets/dedup_workspaces/test0_transitive_apply_parallel/dataset/GRScenes_assets/cabinet/f607af751f597c1f78f663c648c662f9/usd/f607af751f597c1f78f663c648c662f9.usd
cabinet,fd0a02a7d9f6ceba9af45e731c8231b1,blank,blank,0.000965,0.001389,28,blank;blank;blank;blank,7665542752073197548247274802615681024.000000,/cpfs/user/zhuzihou/assets/dedup_workspaces/test0_transitive_apply_parallel/dataset/GRScenes_assets/cabinet/fd0a02a7d9f6ceba9af45e731c8231b1/usd/fd0a02a7d9f6ceba9af45e731c8231b1.usd
cabinet,fec9c1b32f7a49927df3104e714643c5,tiny,tiny,0.005974,0.006592,48,blank;blank;tiny;blank,4211183314887899106886977957455200256.000000,/cpfs/user/zhuzihou/assets/dedup_workspaces/test0_transitive_apply_parallel/dataset/GRScenes_assets/cabinet/fec9c1b32f7a49927df3104e714643c5/usd/fec9c1b32f7a49927df3104e714643c5.usd
door,1f614c5e84cf7ab87a1fc0d1bcf00f40,tiny,tiny,0.013672,0.019760,74,tiny;blank;blank;tiny,3756226346984695114043097106991808512.000000,/cpfs/user/zhuzihou/assets/dedup_workspaces/test0_transitive_apply_parallel/dataset/GRScenes_assets/door/1f614c5e84cf7ab87a1fc0d1bcf00f40/usd/1f614c5e84cf7ab87a1fc0d1bcf00f40.usd
door,6afa6a3493e29ed1635708a62356a344,tiny,tiny,0.009514,0.012524,67,tiny;blank;blank;blank,4172501505704976966304639135273451520.000000,/cpfs/user/zhuzihou/assets/dedup_workspaces/test0_transitive_apply_parallel/dataset/GRScenes_assets/door/6afa6a3493e29ed1635708a62356a344/usd/6afa6a3493e29ed1635708a62356a344.usd
door,6bd5f918180b6daea2ccb7ffab245661,tiny,tiny,0.007637,0.011581,66,blank;blank;blank;tiny,5048682704733595535496768726174269440.000000,/cpfs/user/zhuzihou/assets/dedup_workspaces/test0_transitive_apply_parallel/dataset/GRScenes_assets/door/6bd5f918180b6daea2ccb7ffab245661/usd/6bd5f918180b6daea2ccb7ffab245661.usd
door,7b46af01a13e3ca1723c1574556af337,tiny,tiny,0.008480,0.011456,77,blank;blank;blank;tiny,4679084460853739653973076238934212608.000000,/cpfs/user/zhuzihou/assets/dedup_workspaces/test0_transitive_apply_parallel/dataset/GRScenes_assets/door/7b46af01a13e3ca1723c1574556af337/usd/7b46af01a13e3ca1723c1574556af337.usd
door,b16b5205214f15c42aed50b3a329326e,tiny,tiny,0.002148,0.006294,75,tiny;blank;blank;blank,3717671880927810922725877637214896128.000000,/cpfs/user/zhuzihou/assets/dedup_workspaces/test0_transitive_apply_parallel/dataset/GRScenes_assets/door/b16b5205214f15c42aed50b3a329326e/usd/b16b5205214f15c42aed50b3a329326e.usd
