label,category,uid,view,class,fg_ratio,bbox_width,bbox_height,bbox_area_ratio,touches_edge,path
az045_scale100_elev35_84,cabinet,05b603614a4ff2f04bfa544a2d85a0bd,front,tiny,0.002571,21,63,0.005047,False,docs/tmp/remaining-cabinet-door-investigation/renders84/az045_scale100_elev35/cabinet/05b603614a4ff2f04bfa544a2d85a0bd/front.png
az045_scale100_elev35_84,cabinet,05b603614a4ff2f04bfa544a2d85a0bd,left,tiny,0.002365,18,62,0.004257,False,docs/tmp/remaining-cabinet-door-investigation/renders84/az045_scale100_elev35/cabinet/05b603614a4ff2f04bfa544a2d85a0bd/left.png
az045_scale100_elev35_84,cabinet,05b603614a4ff2f04bfa544a2d85a0bd,back,tiny,0.002132,35,78,0.010414,False,docs/tmp/remaining-cabinet-door-investigation/renders84/az045_scale100_elev35/cabinet/05b603614a4ff2f04bfa544a2d85a0bd/back.png
az045_scale100_elev35_84,cabinet,05b603614a4ff2f04bfa544a2d85a0bd,right,tiny,0.002304,35,79,0.010548,False,docs/tmp/remaining-cabinet-door-investigation/renders84/az045_scale100_elev35/cabinet/05b603614a4ff2f04bfa544a2d85a0bd/right.png
az045_scale100_elev35_84,cabinet,06ba887f18c9cd0fdc34bd23e2c31de2,front,blank,0.000000,0,0,0.000000,False,docs/tmp/remaining-cabinet-door-investigation/renders84/az045_scale100_elev35/cabinet/06ba887f18c9cd0fdc34bd23e2c31de2/front.png
az045_scale100_elev35_84,cabinet,06ba887f18c9cd0fdc34bd23e2c31de2,left,blank,0.000000,0,0,0.000000,False,docs/tmp/remaining-cabinet-door-investigation/renders84/az045_scale100_elev35/cabinet/06ba887f18c9cd0fdc34bd23e2c31de2/left.png
az045_scale100_elev35_84,cabinet,06ba887f18c9cd0fdc34bd23e2c31de2,back,ok,0.007530,129,34,0.016731,False,docs/tmp/remaining-cabinet-door-investigation/renders84/az045_scale100_elev35/cabinet/06ba887f18c9cd0fdc34bd23e2c31de2/back.png
az045_scale100_elev35_84,cabinet,06ba887f18c9cd0fdc34bd23e2c31de2,right,blank,0.000000,0,0,0.000000,False,docs/tmp/remaining-cabinet-door-investigation/renders84/az045_scale100_elev35/cabinet/06ba887f18c9cd0fdc34bd23e2c31de2/right.png
az045_scale100_elev35_84,cabinet,0968a1c333825e9d2f912db1d353b0e8,front,blank,0.000000,0,0,0.000000,False,docs/tmp/remaining-cabinet-door-investigation/renders84/az045_scale100_elev35/cabinet/0968a1c333825e9d2f912db1d353b0e8/front.png
az045_scale100_elev35_84,cabinet,0968a1c333825e9d2f912db1d353b0e8,left,blank,0.000000,0,0,0.000000,False,docs/tmp/remaining-cabinet-door-investigation/renders84/az045_scale100_elev35/cabinet/0968a1c333825e9d2f912db1d353b0e8/left.png
az045_scale100_elev35_84,cabinet,0968a1c333825e9d2f912db1d353b0e8,back,blank,0.000000,0,0,0.000000,False,docs/tmp/remaining-cabinet-door-investigation/renders84/az045_scale100_elev35/cabinet/0968a1c333825e9d2f912db1d353b0e8/back.png
az045_scale100_elev35_84,cabinet,0968a1c333825e9d2f912db1d353b0e8,right,blank,0.000000,0,0,0.000000,False,docs/tmp/remaining-cabinet-door-investigation/renders84/az045_scale100_elev35/cabinet/0968a1c333825e9d2f912db1d353b0e8/right.png
az045_scale100_elev35_84,cabinet,0b558ffc6d640331607c4eeca7e99fb6,front,blank,0.000000,0,0,0.000000,False,docs/tmp/remaining-cabinet-door-investigation/renders84/az045_scale100_elev35/cabinet/0b558ffc6d640331607c4eeca7e99fb6/front.png
az045_scale100_elev35_84,cabinet,0b558ffc6d640331607c4eeca7e99fb6,left,blank,0.000000,0,0,0.000000,False,docs/tmp/remaining-cabinet-door-investigation/renders84/az045_scale100_elev35/cabinet/0b558ffc6d640331607c4eeca7e99fb6/left.png
az045_scale100_elev35_84,cabinet,0b558ffc6d640331607c4eeca7e99fb6,back,tiny,0.008404,40,80,0.012207,True,docs/tmp/remaining-cabinet-door-investigation/renders84/az045_scale100_elev35/cabinet/0b558ffc6d640331607c4eeca7e99fb6/back.png
az045_scale100_elev35_84,cabinet,0b558ffc6d640331607c4eeca7e99fb6,right,blank,0.000000,0,0,0.000000,False,docs/tmp/remaining-cabinet-door-investigation/renders84/az045_scale100_elev35/cabinet/0b558ffc6d640331607c4eeca7e99fb6/right.png
az045_scale100_elev35_84,cabinet,0dd113faaefaf20150c364db6c094d46,front,tiny,0.011940,56,78,0.016663,False,docs/tmp/remaining-cabinet-door-investigation/renders84/az045_scale100_elev35/cabinet/0dd113faaefaf20150c364db6c094d46/front.png
az045_scale100_elev35_84,cabinet,0dd113faaefaf20150c364db6c094d46,left,blank,0.000000,0,0,0.000000,False,docs/tmp/remaining-cabinet-door-investigation/renders84/az045_scale100_elev35/cabinet/0dd113faaefaf20150c364db6c094d46/left.png
az045_scale100_elev35_84,cabinet,0dd113faaefaf20150c364db6c094d46,back,blank,0.000000,0,0,0.000000,False,docs/tmp/remaining-cabinet-door-investigation/renders84/az045_scale100_elev35/cabinet/0dd113faaefaf20150c364db6c094d46/back.png
az045_scale100_elev35_84,cabinet,0dd113faaefaf20150c364db6c094d46,right,blank,0.000000,0,0,0.000000,False,docs/tmp/remaining-cabinet-door-investigation/renders84/az045_scale100_elev35/cabinet/0dd113faaefaf20150c364db6c094d46/right.png
az045_scale100_elev35_84,cabinet,123f6a89cd741c984dc5030f1c7ca2a3,front,blank,0.000000,0,0,0.000000,False,docs/tmp/remaining-cabinet-door-investigation/renders84/az045_scale100_elev35/cabinet/123f6a89cd741c984dc5030f1c7ca2a3/front.png
az045_scale100_elev35_84,cabinet,123f6a89cd741c984dc5030f1c7ca2a3,left,blank,0.000000,0,0,0.000000,False,docs/tmp/remaining-cabinet-door-investigation/renders84/az045_scale100_elev35/cabinet/123f6a89cd741c984dc5030f1c7ca2a3/left.png
az045_scale100_elev35_84,cabinet,123f6a89cd741c984dc5030f1c7ca2a3,back,blank,0.000000,0,0,0.000000,False,docs/tmp/remaining-cabinet-door-investigation/renders84/az045_scale100_elev35/cabinet/123f6a89cd741c984dc5030f1c7ca2a3/back.png
az045_scale100_elev35_84,cabinet,123f6a89cd741c984dc5030f1c7ca2a3,right,blank,0.000000,0,0,0.000000,False,docs/tmp/remaining-cabinet-door-investigation/renders84/az045_scale100_elev35/cabinet/123f6a89cd741c984dc5030f1c7ca2a3/right.png
az045_scale100_elev35_84,cabinet,1347473d7fe8c041e902558d24c9e375,front,blank,0.000984,24,15,0.001373,False,docs/tmp/remaining-cabinet-door-investigation/renders84/az045_scale100_elev35/cabinet/1347473d7fe8c041e902558d24c9e375/front.png
az045_scale100_elev35_84,cabinet,1347473d7fe8c041e902558d24c9e375,left,blank,0.000000,0,0,0.000000,False,docs/tmp/remaining-cabinet-door-investigation/renders84/az045_scale100_elev35/cabinet/1347473d7fe8c041e902558d24c9e375/left.png
az045_scale100_elev35_84,cabinet,1347473d7fe8c041e902558d24c9e375,back,blank,0.000000,0,0,0.000000,False,docs/tmp/remaining-cabinet-door-investigation/renders84/az045_scale100_elev35/cabinet/1347473d7fe8c041e902558d24c9e375/back.png
az045_scale100_elev35_84,cabinet,1347473d7fe8c041e902558d24c9e375,right,blank,0.000000,0,0,0.000000,False,docs/tmp/remaining-cabinet-door-investigation/renders84/az045_scale100_elev35/cabinet/1347473d7fe8c041e902558d24c9e375/right.png
az045_scale100_elev35_84,cabinet,152f5172416f7db261631d902d48e910,front,ok,0.007629,45,83,0.014248,False,docs/tmp/remaining-cabinet-door-investigation/renders84/az045_scale100_elev35/cabinet/152f5172416f7db261631d902d48e910/front.png
az045_scale100_elev35_84,cabinet,152f5172416f7db261631d902d48e910,left,blank,0.000000,0,0,0.000000,False,docs/tmp/remaining-cabinet-door-investigation/renders84/az045_scale100_elev35/cabinet/152f5172416f7db261631d902d48e910/left.png
az045_scale100_elev35_84,cabinet,152f5172416f7db261631d902d48e910,back,blank,0.000000,0,0,0.000000,False,docs/tmp/remaining-cabinet-door-investigation/renders84/az045_scale100_elev35/cabinet/152f5172416f7db261631d902d48e910/back.png
az045_scale100_elev35_84,cabinet,152f5172416f7db261631d902d48e910,right,blank,0.000000,0,0,0.000000,False,docs/tmp/remaining-cabinet-door-investigation/renders84/az045_scale100_elev35/cabinet/152f5172416f7db261631d902d48e910/right.png
az045_scale100_elev35_84,cabinet,1a90eabdd92d987169fdd8e83b63c939,front,blank,0.000000,0,0,0.000000,False,docs/tmp/remaining-cabinet-door-investigation/renders84/az045_scale100_elev35/cabinet/1a90eabdd92d987169fdd8e83b63c939/front.png
az045_scale100_elev35_84,cabinet,1a90eabdd92d987169fdd8e83b63c939,left,blank,0.000000,0,0,0.000000,False,docs/tmp/remaining-cabinet-door-investigation/renders84/az045_scale100_elev35/cabinet/1a90eabdd92d987169fdd8e83b63c939/left.png
az045_scale100_elev35_84,cabinet,1a90eabdd92d987169fdd8e83b63c939,back,tiny,0.007713,61,40,0.009308,False,docs/tmp/remaining-cabinet-door-investigation/renders84/az045_scale100_elev35/cabinet/1a90eabdd92d987169fdd8e83b63c939/back.png
az045_scale100_elev35_84,cabinet,1a90eabdd92d987169fdd8e83b63c939,right,blank,0.000000,0,0,0.000000,False,docs/tmp/remaining-cabinet-door-investigation/renders84/az045_scale100_elev35/cabinet/1a90eabdd92d987169fdd8e83b63c939/right.png
az045_scale100_elev35_84,cabinet,1e4fec39fe2640c5567413a407c0550a,front,tiny,0.002522,78,36,0.010712,False,docs/tmp/remaining-cabinet-door-investigation/renders84/az045_scale100_elev35/cabinet/1e4fec39fe2640c5567413a407c0550a/front.png
az045_scale100_elev35_84,cabinet,1e4fec39fe2640c5567413a407c0550a,left,blank,0.000000,0,0,0.000000,False,docs/tmp/remaining-cabinet-door-investigation/renders84/az045_scale100_elev35/cabinet/1e4fec39fe2640c5567413a407c0550a/left.png
az045_scale100_elev35_84,cabinet,1e4fec39fe2640c5567413a407c0550a,back,blank,0.000000,0,0,0.000000,False,docs/tmp/remaining-cabinet-door-investigation/renders84/az045_scale100_elev35/cabinet/1e4fec39fe2640c5567413a407c0550a/back.png
az045_scale100_elev35_84,cabinet,1e4fec39fe2640c5567413a407c0550a,right,blank,0.000000,0,0,0.000000,False,docs/tmp/remaining-cabinet-door-investigation/renders84/az045_scale100_elev35/cabinet/1e4fec39fe2640c5567413a407c0550a/right.png
az045_scale100_elev35_84,cabinet,1f920706d855b66a9423f8bf95c65ebd,front,ok,0.014244,51,88,0.017120,False,docs/tmp/remaining-cabinet-door-investigation/renders84/az045_scale100_elev35/cabinet/1f920706d855b66a9423f8bf95c65ebd/front.png
az045_scale100_elev35_84,cabinet,1f920706d855b66a9423f8bf95c65ebd,left,blank,0.000000,0,0,0.000000,False,docs/tmp/remaining-cabinet-door-investigation/renders84/az045_scale100_elev35/cabinet/1f920706d855b66a9423f8bf95c65ebd/left.png
az045_scale100_elev35_84,cabinet,1f920706d855b66a9423f8bf95c65ebd,back,blank,0.000000,0,0,0.000000,False,docs/tmp/remaining-cabinet-door-investigation/renders84/az045_scale100_elev35/cabinet/1f920706d855b66a9423f8bf95c65ebd/back.png
az045_scale100_elev35_84,cabinet,1f920706d855b66a9423f8bf95c65ebd,right,blank,0.000000,0,0,0.000000,False,docs/tmp/remaining-cabinet-door-investigation/renders84/az045_scale100_elev35/cabinet/1f920706d855b66a9423f8bf95c65ebd/right.png
az045_scale100_elev35_84,cabinet,221e842ce1e790bddf5af9d9e29dbeec,front,tiny,0.002148,78,34,0.010117,False,docs/tmp/remaining-cabinet-door-investigation/renders84/az045_scale100_elev35/cabinet/221e842ce1e790bddf5af9d9e29dbeec/front.png
az045_scale100_elev35_84,cabinet,221e842ce1e790bddf5af9d9e29dbeec,left,blank,0.000000,0,0,0.000000,False,docs/tmp/remaining-cabinet-door-investigation/renders84/az045_scale100_elev35/cabinet/221e842ce1e790bddf5af9d9e29dbeec/left.png
az045_scale100_elev35_84,cabinet,221e842ce1e790bddf5af9d9e29dbeec,back,blank,0.000000,0,0,0.000000,False,docs/tmp/remaining-cabinet-door-investigation/renders84/az045_scale100_elev35/cabinet/221e842ce1e790bddf5af9d9e29dbeec/back.png
az045_scale100_elev35_84,cabinet,221e842ce1e790bddf5af9d9e29dbeec,right,blank,0.000000,0,0,0.000000,False,docs/tmp/remaining-cabinet-door-investigation/renders84/az045_scale100_elev35/cabinet/221e842ce1e790bddf5af9d9e29dbeec/right.png
az045_scale100_elev35_84,cabinet,2d7a430d61d143c157c48cd1bb9906eb,front,blank,0.000000,0,0,0.000000,False,docs/tmp/remaining-cabinet-door-investigation/renders84/az045_scale100_elev35/cabinet/2d7a430d61d143c157c48cd1bb9906eb/front.png
az045_scale100_elev35_84,cabinet,2d7a430d61d143c157c48cd1bb9906eb,left,blank,0.000000,0,0,0.000000,False,docs/tmp/remaining-cabinet-door-investigation/renders84/az045_scale100_elev35/cabinet/2d7a430d61d143c157c48cd1bb9906eb/left.png
az045_scale100_elev35_84,cabinet,2d7a430d61d143c157c48cd1bb9906eb,back,blank,0.000000,0,0,0.000000,False,docs/tmp/remaining-cabinet-door-investigation/renders84/az045_scale100_elev35/cabinet/2d7a430d61d143c157c48cd1bb9906eb/back.png
az045_scale100_elev35_84,cabinet,2d7a430d61d143c157c48cd1bb9906eb,right,ok,0.019138,109,73,0.030354,False,docs/tmp/remaining-cabinet-door-investigation/renders84/az045_scale100_elev35/cabinet/2d7a430d61d143c157c48cd1bb9906eb/right.png
az045_scale100_elev35_84,cabinet,2ed9edd34221c034f3835f97b1781350,front,ok,0.010597,113,62,0.026726,False,docs/tmp/remaining-cabinet-door-investigation/renders84/az045_scale100_elev35/cabinet/2ed9edd34221c034f3835f97b1781350/front.png
az045_scale100_elev35_84,cabinet,2ed9edd34221c034f3835f97b1781350,left,blank,0.000000,0,0,0.000000,False,docs/tmp/remaining-cabinet-door-investigation/renders84/az045_scale100_elev35/cabinet/2ed9edd34221c034f3835f97b1781350/left.png
az045_scale100_elev35_84,cabinet,2ed9edd34221c034f3835f97b1781350,back,blank,0.000000,0,0,0.000000,False,docs/tmp/remaining-cabinet-door-investigation/renders84/az045_scale100_elev35/cabinet/2ed9edd34221c034f3835f97b1781350/back.png
az045_scale100_elev35_84,cabinet,2ed9edd34221c034f3835f97b1781350,right,blank,0.000000,0,0,0.000000,False,docs/tmp/remaining-cabinet-door-investigation/renders84/az045_scale100_elev35/cabinet/2ed9edd34221c034f3835f97b1781350/right.png
az045_scale100_elev35_84,cabinet,2f879eed3493f998cab1131945feee62,front,blank,0.000000,0,0,0.000000,False,docs/tmp/remaining-cabinet-door-investigation/renders84/az045_scale100_elev35/cabinet/2f879eed3493f998cab1131945feee62/front.png
az045_scale100_elev35_84,cabinet,2f879eed3493f998cab1131945feee62,left,blank,0.000000,0,0,0.000000,False,docs/tmp/remaining-cabinet-door-investigation/renders84/az045_scale100_elev35/cabinet/2f879eed3493f998cab1131945feee62/left.png
az045_scale100_elev35_84,cabinet,2f879eed3493f998cab1131945feee62,back,blank,0.000000,0,0,0.000000,False,docs/tmp/remaining-cabinet-door-investigation/renders84/az045_scale100_elev35/cabinet/2f879eed3493f998cab1131945feee62/back.png
az045_scale100_elev35_84,cabinet,2f879eed3493f998cab1131945feee62,right,ok,0.003738,26,81,0.008034,True,docs/tmp/remaining-cabinet-door-investigation/renders84/az045_scale100_elev35/cabinet/2f879eed3493f998cab1131945feee62/right.png
az045_scale100_elev35_84,cabinet,306a16dccd08838e615c565e1c9ee0e6,front,blank,0.000000,0,0,0.000000,False,docs/tmp/remaining-cabinet-door-investigation/renders84/az045_scale100_elev35/cabinet/306a16dccd08838e615c565e1c9ee0e6/front.png
az045_scale100_elev35_84,cabinet,306a16dccd08838e615c565e1c9ee0e6,left,blank,0.000000,0,0,0.000000,False,docs/tmp/remaining-cabinet-door-investigation/renders84/az045_scale100_elev35/cabinet/306a16dccd08838e615c565e1c9ee0e6/left.png
az045_scale100_elev35_84,cabinet,306a16dccd08838e615c565e1c9ee0e6,back,tiny,0.003437,60,54,0.012360,False,docs/tmp/remaining-cabinet-door-investigation/renders84/az045_scale100_elev35/cabinet/306a16dccd08838e615c565e1c9ee0e6/back.png
az045_scale100_elev35_84,cabinet,306a16dccd08838e615c565e1c9ee0e6,right,blank,0.000000,0,0,0.000000,False,docs/tmp/remaining-cabinet-door-investigation/renders84/az045_scale100_elev35/cabinet/306a16dccd08838e615c565e1c9ee0e6/right.png
az045_scale100_elev35_84,cabinet,3399337a68a2bb41b4f4ebc20590fd94,front,blank,0.000000,0,0,0.000000,False,docs/tmp/remaining-cabinet-door-investigation/renders84/az045_scale100_elev35/cabinet/3399337a68a2bb41b4f4ebc20590fd94/front.png
az045_scale100_elev35_84,cabinet,3399337a68a2bb41b4f4ebc20590fd94,left,blank,0.000000,0,0,0.000000,False,docs/tmp/remaining-cabinet-door-investigation/renders84/az045_scale100_elev35/cabinet/3399337a68a2bb41b4f4ebc20590fd94/left.png
az045_scale100_elev35_84,cabinet,3399337a68a2bb41b4f4ebc20590fd94,back,blank,0.000000,0,0,0.000000,False,docs/tmp/remaining-cabinet-door-investigation/renders84/az045_scale100_elev35/cabinet/3399337a68a2bb41b4f4ebc20590fd94/back.png
az045_scale100_elev35_84,cabinet,3399337a68a2bb41b4f4ebc20590fd94,right,blank,0.000000,0,0,0.000000,False,docs/tmp/remaining-cabinet-door-investigation/renders84/az045_scale100_elev35/cabinet/3399337a68a2bb41b4f4ebc20590fd94/right.png
az045_scale100_elev35_84,cabinet,34347451d4ef792f7cd8bf986d2572e6,front,blank,0.000824,12,32,0.001465,False,docs/tmp/remaining-cabinet-door-investigation/renders84/az045_scale100_elev35/cabinet/34347451d4ef792f7cd8bf986d2572e6/front.png
az045_scale100_elev35_84,cabinet,34347451d4ef792f7cd8bf986d2572e6,left,blank,0.000000,0,0,0.000000,False,docs/tmp/remaining-cabinet-door-investigation/renders84/az045_scale100_elev35/cabinet/34347451d4ef792f7cd8bf986d2572e6/left.png
az045_scale100_elev35_84,cabinet,34347451d4ef792f7cd8bf986d2572e6,back,blank,0.000000,0,0,0.000000,False,docs/tmp/remaining-cabinet-door-investigation/renders84/az045_scale100_elev35/cabinet/34347451d4ef792f7cd8bf986d2572e6/back.png
az045_scale100_elev35_84,cabinet,34347451d4ef792f7cd8bf986d2572e6,right,blank,0.000000,0,0,0.000000,False,docs/tmp/remaining-cabinet-door-investigation/renders84/az045_scale100_elev35/cabinet/34347451d4ef792f7cd8bf986d2572e6/right.png
az045_scale100_elev35_84,cabinet,365155e8781d53f97be5426f5518638e,front,tiny,0.002098,13,54,0.002678,False,docs/tmp/remaining-cabinet-door-investigation/renders84/az045_scale100_elev35/cabinet/365155e8781d53f97be5426f5518638e/front.png
az045_scale100_elev35_84,cabinet,365155e8781d53f97be5426f5518638e,left,blank,0.000000,0,0,0.000000,False,docs/tmp/remaining-cabinet-door-investigation/renders84/az045_scale100_elev35/cabinet/365155e8781d53f97be5426f5518638e/left.png
az045_scale100_elev35_84,cabinet,365155e8781d53f97be5426f5518638e,back,blank,0.000000,0,0,0.000000,False,docs/tmp/remaining-cabinet-door-investigation/renders84/az045_scale100_elev35/cabinet/365155e8781d53f97be5426f5518638e/back.png
az045_scale100_elev35_84,cabinet,365155e8781d53f97be5426f5518638e,right,blank,0.000000,0,0,0.000000,False,docs/tmp/remaining-cabinet-door-investigation/renders84/az045_scale100_elev35/cabinet/365155e8781d53f97be5426f5518638e/right.png
az045_scale100_elev35_84,cabinet,36784bfb585bdb14174f19549409978f,front,blank,0.000000,0,0,0.000000,False,docs/tmp/remaining-cabinet-door-investigation/renders84/az045_scale100_elev35/cabinet/36784bfb585bdb14174f19549409978f/front.png
az045_scale100_elev35_84,cabinet,36784bfb585bdb14174f19549409978f,left,blank,0.000000,0,0,0.000000,False,docs/tmp/remaining-cabinet-door-investigation/renders84/az045_scale100_elev35/cabinet/36784bfb585bdb14174f19549409978f/left.png
az045_scale100_elev35_84,cabinet,36784bfb585bdb14174f19549409978f,back,tiny,0.005142,53,37,0.007481,True,docs/tmp/remaining-cabinet-door-investigation/renders84/az045_scale100_elev35/cabinet/36784bfb585bdb14174f19549409978f/back.png
az045_scale100_elev35_84,cabinet,36784bfb585bdb14174f19549409978f,right,blank,0.000000,0,0,0.000000,False,docs/tmp/remaining-cabinet-door-investigation/renders84/az045_scale100_elev35/cabinet/36784bfb585bdb14174f19549409978f/right.png
az045_scale100_elev35_84,cabinet,3a0d2a8e5ae7e4ad9623d478712760ac,front,blank,0.000000,0,0,0.000000,False,docs/tmp/remaining-cabinet-door-investigation/renders84/az045_scale100_elev35/cabinet/3a0d2a8e5ae7e4ad9623d478712760ac/front.png
az045_scale100_elev35_84,cabinet,3a0d2a8e5ae7e4ad9623d478712760ac,left,blank,0.000000,0,0,0.000000,False,docs/tmp/remaining-cabinet-door-investigation/renders84/az045_scale100_elev35/cabinet/3a0d2a8e5ae7e4ad9623d478712760ac/left.png
az045_scale100_elev35_84,cabinet,3a0d2a8e5ae7e4ad9623d478712760ac,back,ok,0.003319,98,38,0.014206,False,docs/tmp/remaining-cabinet-door-investigation/renders84/az045_scale100_elev35/cabinet/3a0d2a8e5ae7e4ad9623d478712760ac/back.png
az045_scale100_elev35_84,cabinet,3a0d2a8e5ae7e4ad9623d478712760ac,right,blank,0.000000,0,0,0.000000,False,docs/tmp/remaining-cabinet-door-investigation/renders84/az045_scale100_elev35/cabinet/3a0d2a8e5ae7e4ad9623d478712760ac/right.png
az045_scale100_elev35_84,cabinet,4441e4614b32447ba28d5d9bc67f0390,front,blank,0.000755,22,17,0.001427,False,docs/tmp/remaining-cabinet-door-investigation/renders84/az045_scale100_elev35/cabinet/4441e4614b32447ba28d5d9bc67f0390/front.png
az045_scale100_elev35_84,cabinet,4441e4614b32447ba28d5d9bc67f0390,left,blank,0.000000,0,0,0.000000,False,docs/tmp/remaining-cabinet-door-investigation/renders84/az045_scale100_elev35/cabinet/4441e4614b32447ba28d5d9bc67f0390/left.png
az045_scale100_elev35_84,cabinet,4441e4614b32447ba28d5d9bc67f0390,back,blank,0.000000,0,0,0.000000,False,docs/tmp/remaining-cabinet-door-investigation/renders84/az045_scale100_elev35/cabinet/4441e4614b32447ba28d5d9bc67f0390/back.png
az045_scale100_elev35_84,cabinet,4441e4614b32447ba28d5d9bc67f0390,right,blank,0.000000,0,0,0.000000,False,docs/tmp/remaining-cabinet-door-investigation/renders84/az045_scale100_elev35/cabinet/4441e4614b32447ba28d5d9bc67f0390/right.png
az045_scale100_elev35_84,cabinet,44bb282febf69ed6b92b6a239d306d69,front,blank,0.000000,0,0,0.000000,False,docs/tmp/remaining-cabinet-door-investigation/renders84/az045_scale100_elev35/cabinet/44bb282febf69ed6b92b6a239d306d69/front.png
az045_scale100_elev35_84,cabinet,44bb282febf69ed6b92b6a239d306d69,left,tiny,0.002106,62,11,0.002602,True,docs/tmp/remaining-cabinet-door-investigation/renders84/az045_scale100_elev35/cabinet/44bb282febf69ed6b92b6a239d306d69/left.png
az045_scale100_elev35_84,cabinet,44bb282febf69ed6b92b6a239d306d69,back,blank,0.000000,0,0,0.000000,False,docs/tmp/remaining-cabinet-door-investigation/renders84/az045_scale100_elev35/cabinet/44bb282febf69ed6b92b6a239d306d69/back.png
az045_scale100_elev35_84,cabinet,44bb282febf69ed6b92b6a239d306d69,right,blank,0.000000,0,0,0.000000,False,docs/tmp/remaining-cabinet-door-investigation/renders84/az045_scale100_elev35/cabinet/44bb282febf69ed6b92b6a239d306d69/right.png
az045_scale100_elev35_84,cabinet,46f0865f80677d8cfa43d88816727556,front,blank,0.000000,0,0,0.000000,False,docs/tmp/remaining-cabinet-door-investigation/renders84/az045_scale100_elev35/cabinet/46f0865f80677d8cfa43d88816727556/front.png
az045_scale100_elev35_84,cabinet,46f0865f80677d8cfa43d88816727556,left,blank,0.000851,31,16,0.001892,False,docs/tmp/remaining-cabinet-door-investigation/renders84/az045_scale100_elev35/cabinet/46f0865f80677d8cfa43d88816727556/left.png
az045_scale100_elev35_84,cabinet,46f0865f80677d8cfa43d88816727556,back,blank,0.000000,0,0,0.000000,False,docs/tmp/remaining-cabinet-door-investigation/renders84/az045_scale100_elev35/cabinet/46f0865f80677d8cfa43d88816727556/back.png
az045_scale100_elev35_84,cabinet,46f0865f80677d8cfa43d88816727556,right,blank,0.000000,0,0,0.000000,False,docs/tmp/remaining-cabinet-door-investigation/renders84/az045_scale100_elev35/cabinet/46f0865f80677d8cfa43d88816727556/right.png
az045_scale100_elev35_84,cabinet,4866619352707772cd8a6b51d67b0505,front,blank,0.000000,0,0,0.000000,False,docs/tmp/remaining-cabinet-door-investigation/renders84/az045_scale100_elev35/cabinet/4866619352707772cd8a6b51d67b0505/front.png
az045_scale100_elev35_84,cabinet,4866619352707772cd8a6b51d67b0505,left,ok,0.012836,126,64,0.030762,False,docs/tmp/remaining-cabinet-door-investigation/renders84/az045_scale100_elev35/cabinet/4866619352707772cd8a6b51d67b0505/left.png
az045_scale100_elev35_84,cabinet,4866619352707772cd8a6b51d67b0505,back,blank,0.000000,0,0,0.000000,False,docs/tmp/remaining-cabinet-door-investigation/renders84/az045_scale100_elev35/cabinet/4866619352707772cd8a6b51d67b0505/back.png
az045_scale100_elev35_84,cabinet,4866619352707772cd8a6b51d67b0505,right,blank,0.000000,0,0,0.000000,False,docs/tmp/remaining-cabinet-door-investigation/renders84/az045_scale100_elev35/cabinet/4866619352707772cd8a6b51d67b0505/right.png
az045_scale100_elev35_84,cabinet,4932633b756863150ebe85421dc429f8,front,tiny,0.002609,51,17,0.003307,False,docs/tmp/remaining-cabinet-door-investigation/renders84/az045_scale100_elev35/cabinet/4932633b756863150ebe85421dc429f8/front.png
az045_scale100_elev35_84,cabinet,4932633b756863150ebe85421dc429f8,left,blank,0.000000,0,0,0.000000,False,docs/tmp/remaining-cabinet-door-investigation/renders84/az045_scale100_elev35/cabinet/4932633b756863150ebe85421dc429f8/left.png
az045_scale100_elev35_84,cabinet,4932633b756863150ebe85421dc429f8,back,blank,0.000000,0,0,0.000000,False,docs/tmp/remaining-cabinet-door-investigation/renders84/az045_scale100_elev35/cabinet/4932633b756863150ebe85421dc429f8/back.png
az045_scale100_elev35_84,cabinet,4932633b756863150ebe85421dc429f8,right,blank,0.000000,0,0,0.000000,False,docs/tmp/remaining-cabinet-door-investigation/renders84/az045_scale100_elev35/cabinet/4932633b756863150ebe85421dc429f8/right.png
az045_scale100_elev35_84,cabinet,4a160695503292c2a05b2c733abe7249,front,tiny,0.001114,33,21,0.002644,False,docs/tmp/remaining-cabinet-door-investigation/renders84/az045_scale100_elev35/cabinet/4a160695503292c2a05b2c733abe7249/front.png
az045_scale100_elev35_84,cabinet,4a160695503292c2a05b2c733abe7249,left,blank,0.000000,0,0,0.000000,False,docs/tmp/remaining-cabinet-door-investigation/renders84/az045_scale100_elev35/cabinet/4a160695503292c2a05b2c733abe7249/left.png
az045_scale100_elev35_84,cabinet,4a160695503292c2a05b2c733abe7249,back,blank,0.000000,0,0,0.000000,False,docs/tmp/remaining-cabinet-door-investigation/renders84/az045_scale100_elev35/cabinet/4a160695503292c2a05b2c733abe7249/back.png
az045_scale100_elev35_84,cabinet,4a160695503292c2a05b2c733abe7249,right,blank,0.000000,0,0,0.000000,False,docs/tmp/remaining-cabinet-door-investigation/renders84/az045_scale100_elev35/cabinet/4a160695503292c2a05b2c733abe7249/right.png
az045_scale100_elev35_84,cabinet,4b2ade4221cfba0b32f70ef5686852fb,front,tiny,0.002457,32,25,0.003052,True,docs/tmp/remaining-cabinet-door-investigation/renders84/az045_scale100_elev35/cabinet/4b2ade4221cfba0b32f70ef5686852fb/front.png
az045_scale100_elev35_84,cabinet,4b2ade4221cfba0b32f70ef5686852fb,left,blank,0.000000,0,0,0.000000,False,docs/tmp/remaining-cabinet-door-investigation/renders84/az045_scale100_elev35/cabinet/4b2ade4221cfba0b32f70ef5686852fb/left.png
az045_scale100_elev35_84,cabinet,4b2ade4221cfba0b32f70ef5686852fb,back,blank,0.000000,0,0,0.000000,False,docs/tmp/remaining-cabinet-door-investigation/renders84/az045_scale100_elev35/cabinet/4b2ade4221cfba0b32f70ef5686852fb/back.png
az045_scale100_elev35_84,cabinet,4b2ade4221cfba0b32f70ef5686852fb,right,blank,0.000000,0,0,0.000000,False,docs/tmp/remaining-cabinet-door-investigation/renders84/az045_scale100_elev35/cabinet/4b2ade4221cfba0b32f70ef5686852fb/right.png
az045_scale100_elev35_84,cabinet,4b7b6a6d27f5e3f48f4462424ec81c06,front,blank,0.000000,0,0,0.000000,False,docs/tmp/remaining-cabinet-door-investigation/renders84/az045_scale100_elev35/cabinet/4b7b6a6d27f5e3f48f4462424ec81c06/front.png
az045_scale100_elev35_84,cabinet,4b7b6a6d27f5e3f48f4462424ec81c06,left,blank,0.000000,0,0,0.000000,False,docs/tmp/remaining-cabinet-door-investigation/renders84/az045_scale100_elev35/cabinet/4b7b6a6d27f5e3f48f4462424ec81c06/left.png
az045_scale100_elev35_84,cabinet,4b7b6a6d27f5e3f48f4462424ec81c06,back,ok,0.011646,40,92,0.014038,False,docs/tmp/remaining-cabinet-door-investigation/renders84/az045_scale100_elev35/cabinet/4b7b6a6d27f5e3f48f4462424ec81c06/back.png
az045_scale100_elev35_84,cabinet,4b7b6a6d27f5e3f48f4462424ec81c06,right,blank,0.000000,0,0,0.000000,False,docs/tmp/remaining-cabinet-door-investigation/renders84/az045_scale100_elev35/cabinet/4b7b6a6d27f5e3f48f4462424ec81c06/right.png
az045_scale100_elev35_84,cabinet,4c482f4c32887985a807ee43ba1c3484,front,blank,0.000000,0,0,0.000000,False,docs/tmp/remaining-cabinet-door-investigation/renders84/az045_scale100_elev35/cabinet/4c482f4c32887985a807ee43ba1c3484/front.png
az045_scale100_elev35_84,cabinet,4c482f4c32887985a807ee43ba1c3484,left,blank,0.000000,0,0,0.000000,False,docs/tmp/remaining-cabinet-door-investigation/renders84/az045_scale100_elev35/cabinet/4c482f4c32887985a807ee43ba1c3484/left.png
az045_scale100_elev35_84,cabinet,4c482f4c32887985a807ee43ba1c3484,back,blank,0.000000,0,0,0.000000,False,docs/tmp/remaining-cabinet-door-investigation/renders84/az045_scale100_elev35/cabinet/4c482f4c32887985a807ee43ba1c3484/back.png
az045_scale100_elev35_84,cabinet,4c482f4c32887985a807ee43ba1c3484,right,tiny,0.001644,29,18,0.001991,True,docs/tmp/remaining-cabinet-door-investigation/renders84/az045_scale100_elev35/cabinet/4c482f4c32887985a807ee43ba1c3484/right.png
az045_scale100_elev35_84,cabinet,5261894c525133cf0a31c4044c63d67b,front,blank,0.000000,0,0,0.000000,False,docs/tmp/remaining-cabinet-door-investigation/renders84/az045_scale100_elev35/cabinet/5261894c525133cf0a31c4044c63d67b/front.png
az045_scale100_elev35_84,cabinet,5261894c525133cf0a31c4044c63d67b,left,blank,0.000000,0,0,0.000000,False,docs/tmp/remaining-cabinet-door-investigation/renders84/az045_scale100_elev35/cabinet/5261894c525133cf0a31c4044c63d67b/left.png
az045_scale100_elev35_84,cabinet,5261894c525133cf0a31c4044c63d67b,back,tiny,0.009926,80,41,0.012512,False,docs/tmp/remaining-cabinet-door-investigation/renders84/az045_scale100_elev35/cabinet/5261894c525133cf0a31c4044c63d67b/back.png
az045_scale100_elev35_84,cabinet,5261894c525133cf0a31c4044c63d67b,right,blank,0.000000,0,0,0.000000,False,docs/tmp/remaining-cabinet-door-investigation/renders84/az045_scale100_elev35/cabinet/5261894c525133cf0a31c4044c63d67b/right.png
az045_scale100_elev35_84,cabinet,5691884c9bfdff084834b5cc0990a68f,front,blank,0.000000,0,0,0.000000,False,docs/tmp/remaining-cabinet-door-investigation/renders84/az045_scale100_elev35/cabinet/5691884c9bfdff084834b5cc0990a68f/front.png
az045_scale100_elev35_84,cabinet,5691884c9bfdff084834b5cc0990a68f,left,blank,0.000000,0,0,0.000000,False,docs/tmp/remaining-cabinet-door-investigation/renders84/az045_scale100_elev35/cabinet/5691884c9bfdff084834b5cc0990a68f/left.png
az045_scale100_elev35_84,cabinet,5691884c9bfdff084834b5cc0990a68f,back,blank,0.000000,0,0,0.000000,False,docs/tmp/remaining-cabinet-door-investigation/renders84/az045_scale100_elev35/cabinet/5691884c9bfdff084834b5cc0990a68f/back.png
az045_scale100_elev35_84,cabinet,5691884c9bfdff084834b5cc0990a68f,right,blank,0.000000,0,0,0.000000,False,docs/tmp/remaining-cabinet-door-investigation/renders84/az045_scale100_elev35/cabinet/5691884c9bfdff084834b5cc0990a68f/right.png
az045_scale100_elev35_84,cabinet,579a0f1032f32deb1e3cfd24e9e43d30,front,ok,0.020485,68,90,0.023346,True,docs/tmp/remaining-cabinet-door-investigation/renders84/az045_scale100_elev35/cabinet/579a0f1032f32deb1e3cfd24e9e43d30/front.png
az045_scale100_elev35_84,cabinet,579a0f1032f32deb1e3cfd24e9e43d30,left,blank,0.000000,0,0,0.000000,False,docs/tmp/remaining-cabinet-door-investigation/renders84/az045_scale100_elev35/cabinet/579a0f1032f32deb1e3cfd24e9e43d30/left.png
az045_scale100_elev35_84,cabinet,579a0f1032f32deb1e3cfd24e9e43d30,back,blank,0.000000,0,0,0.000000,False,docs/tmp/remaining-cabinet-door-investigation/renders84/az045_scale100_elev35/cabinet/579a0f1032f32deb1e3cfd24e9e43d30/back.png
az045_scale100_elev35_84,cabinet,579a0f1032f32deb1e3cfd24e9e43d30,right,blank,0.000000,0,0,0.000000,False,docs/tmp/remaining-cabinet-door-investigation/renders84/az045_scale100_elev35/cabinet/579a0f1032f32deb1e3cfd24e9e43d30/right.png
az045_scale100_elev35_84,cabinet,58cb16021d7fbfe0f97c5fb02b43b192,front,blank,0.000000,0,0,0.000000,False,docs/tmp/remaining-cabinet-door-investigation/renders84/az045_scale100_elev35/cabinet/58cb16021d7fbfe0f97c5fb02b43b192/front.png
az045_scale100_elev35_84,cabinet,58cb16021d7fbfe0f97c5fb02b43b192,left,blank,0.000000,0,0,0.000000,False,docs/tmp/remaining-cabinet-door-investigation/renders84/az045_scale100_elev35/cabinet/58cb16021d7fbfe0f97c5fb02b43b192/left.png
az045_scale100_elev35_84,cabinet,58cb16021d7fbfe0f97c5fb02b43b192,back,blank,0.000000,0,0,0.000000,False,docs/tmp/remaining-cabinet-door-investigation/renders84/az045_scale100_elev35/cabinet/58cb16021d7fbfe0f97c5fb02b43b192/back.png
az045_scale100_elev35_84,cabinet,58cb16021d7fbfe0f97c5fb02b43b192,right,tiny,0.007790,75,48,0.013733,False,docs/tmp/remaining-cabinet-door-investigation/renders84/az045_scale100_elev35/cabinet/58cb16021d7fbfe0f97c5fb02b43b192/right.png
az045_scale100_elev35_84,cabinet,5b05fdc79acafd158597bdb0e25c67e9,front,blank,0.000000,0,0,0.000000,False,docs/tmp/remaining-cabinet-door-investigation/renders84/az045_scale100_elev35/cabinet/5b05fdc79acafd158597bdb0e25c67e9/front.png
az045_scale100_elev35_84,cabinet,5b05fdc79acafd158597bdb0e25c67e9,left,blank,0.000000,0,0,0.000000,False,docs/tmp/remaining-cabinet-door-investigation/renders84/az045_scale100_elev35/cabinet/5b05fdc79acafd158597bdb0e25c67e9/left.png
az045_scale100_elev35_84,cabinet,5b05fdc79acafd158597bdb0e25c67e9,back,tiny,0.005043,50,36,0.006866,False,docs/tmp/remaining-cabinet-door-investigation/renders84/az045_scale100_elev35/cabinet/5b05fdc79acafd158597bdb0e25c67e9/back.png
az045_scale100_elev35_84,cabinet,5b05fdc79acafd158597bdb0e25c67e9,right,blank,0.000000,0,0,0.000000,False,docs/tmp/remaining-cabinet-door-investigation/renders84/az045_scale100_elev35/cabinet/5b05fdc79acafd158597bdb0e25c67e9/right.png
az045_scale100_elev35_84,cabinet,5beeaa7bfe13ad1b18b3e90600a3e58e,front,blank,0.000000,0,0,0.000000,False,docs/tmp/remaining-cabinet-door-investigation/renders84/az045_scale100_elev35/cabinet/5beeaa7bfe13ad1b18b3e90600a3e58e/front.png
az045_scale100_elev35_84,cabinet,5beeaa7bfe13ad1b18b3e90600a3e58e,left,ok,0.002476,100,28,0.010681,False,docs/tmp/remaining-cabinet-door-investigation/renders84/az045_scale100_elev35/cabinet/5beeaa7bfe13ad1b18b3e90600a3e58e/left.png
az045_scale100_elev35_84,cabinet,5beeaa7bfe13ad1b18b3e90600a3e58e,back,blank,0.000000,0,0,0.000000,False,docs/tmp/remaining-cabinet-door-investigation/renders84/az045_scale100_elev35/cabinet/5beeaa7bfe13ad1b18b3e90600a3e58e/back.png
az045_scale100_elev35_84,cabinet,5beeaa7bfe13ad1b18b3e90600a3e58e,right,blank,0.000000,0,0,0.000000,False,docs/tmp/remaining-cabinet-door-investigation/renders84/az045_scale100_elev35/cabinet/5beeaa7bfe13ad1b18b3e90600a3e58e/right.png
az045_scale100_elev35_84,cabinet,614eb436a380818707a3d8012c6d3d5a,front,blank,0.000000,0,0,0.000000,False,docs/tmp/remaining-cabinet-door-investigation/renders84/az045_scale100_elev35/cabinet/614eb436a380818707a3d8012c6d3d5a/front.png
az045_scale100_elev35_84,cabinet,614eb436a380818707a3d8012c6d3d5a,left,tiny,0.008018,69,44,0.011581,True,docs/tmp/remaining-cabinet-door-investigation/renders84/az045_scale100_elev35/cabinet/614eb436a380818707a3d8012c6d3d5a/left.png
az045_scale100_elev35_84,cabinet,614eb436a380818707a3d8012c6d3d5a,back,blank,0.000000,0,0,0.000000,False,docs/tmp/remaining-cabinet-door-investigation/renders84/az045_scale100_elev35/cabinet/614eb436a380818707a3d8012c6d3d5a/back.png
az045_scale100_elev35_84,cabinet,614eb436a380818707a3d8012c6d3d5a,right,blank,0.000000,0,0,0.000000,False,docs/tmp/remaining-cabinet-door-investigation/renders84/az045_scale100_elev35/cabinet/614eb436a380818707a3d8012c6d3d5a/right.png
az045_scale100_elev35_84,cabinet,65e550a2a69622c20d3e5253ebe10ec7,front,blank,0.000000,0,0,0.000000,False,docs/tmp/remaining-cabinet-door-investigation/renders84/az045_scale100_elev35/cabinet/65e550a2a69622c20d3e5253ebe10ec7/front.png
az045_scale100_elev35_84,cabinet,65e550a2a69622c20d3e5253ebe10ec7,left,blank,0.000000,0,0,0.000000,False,docs/tmp/remaining-cabinet-door-investigation/renders84/az045_scale100_elev35/cabinet/65e550a2a69622c20d3e5253ebe10ec7/left.png
az045_scale100_elev35_84,cabinet,65e550a2a69622c20d3e5253ebe10ec7,back,blank,0.000000,0,0,0.000000,False,docs/tmp/remaining-cabinet-door-investigation/renders84/az045_scale100_elev35/cabinet/65e550a2a69622c20d3e5253ebe10ec7/back.png
az045_scale100_elev35_84,cabinet,65e550a2a69622c20d3e5253ebe10ec7,right,blank,0.000000,0,0,0.000000,False,docs/tmp/remaining-cabinet-door-investigation/renders84/az045_scale100_elev35/cabinet/65e550a2a69622c20d3e5253ebe10ec7/right.png
az045_scale100_elev35_84,cabinet,68007680b83db0c9fbc59f2431607d9f,front,blank,0.000000,0,0,0.000000,False,docs/tmp/remaining-cabinet-door-investigation/renders84/az045_scale100_elev35/cabinet/68007680b83db0c9fbc59f2431607d9f/front.png
az045_scale100_elev35_84,cabinet,68007680b83db0c9fbc59f2431607d9f,left,ok,0.002708,91,44,0.015274,False,docs/tmp/remaining-cabinet-door-investigation/renders84/az045_scale100_elev35/cabinet/68007680b83db0c9fbc59f2431607d9f/left.png
az045_scale100_elev35_84,cabinet,68007680b83db0c9fbc59f2431607d9f,back,blank,0.000000,0,0,0.000000,False,docs/tmp/remaining-cabinet-door-investigation/renders84/az045_scale100_elev35/cabinet/68007680b83db0c9fbc59f2431607d9f/back.png
az045_scale100_elev35_84,cabinet,68007680b83db0c9fbc59f2431607d9f,right,blank,0.000000,0,0,0.000000,False,docs/tmp/remaining-cabinet-door-investigation/renders84/az045_scale100_elev35/cabinet/68007680b83db0c9fbc59f2431607d9f/right.png
az045_scale100_elev35_84,cabinet,70c4f47067d56fdf6daa8d8d40992d61,front,blank,0.000000,0,0,0.000000,False,docs/tmp/remaining-cabinet-door-investigation/renders84/az045_scale100_elev35/cabinet/70c4f47067d56fdf6daa8d8d40992d61/front.png
az045_scale100_elev35_84,cabinet,70c4f47067d56fdf6daa8d8d40992d61,left,blank,0.000000,0,0,0.000000,False,docs/tmp/remaining-cabinet-door-investigation/renders84/az045_scale100_elev35/cabinet/70c4f47067d56fdf6daa8d8d40992d61/left.png
az045_scale100_elev35_84,cabinet,70c4f47067d56fdf6daa8d8d40992d61,back,tiny,0.010689,66,57,0.014351,False,docs/tmp/remaining-cabinet-door-investigation/renders84/az045_scale100_elev35/cabinet/70c4f47067d56fdf6daa8d8d40992d61/back.png
az045_scale100_elev35_84,cabinet,70c4f47067d56fdf6daa8d8d40992d61,right,blank,0.000000,0,0,0.000000,False,docs/tmp/remaining-cabinet-door-investigation/renders84/az045_scale100_elev35/cabinet/70c4f47067d56fdf6daa8d8d40992d61/right.png
az045_scale100_elev35_84,cabinet,71d744218980f92027ad956f72cafbff,front,blank,0.000000,0,0,0.000000,False,docs/tmp/remaining-cabinet-door-investigation/renders84/az045_scale100_elev35/cabinet/71d744218980f92027ad956f72cafbff/front.png
az045_scale100_elev35_84,cabinet,71d744218980f92027ad956f72cafbff,left,blank,0.000000,0,0,0.000000,False,docs/tmp/remaining-cabinet-door-investigation/renders84/az045_scale100_elev35/cabinet/71d744218980f92027ad956f72cafbff/left.png
az045_scale100_elev35_84,cabinet,71d744218980f92027ad956f72cafbff,back,tiny,0.002655,57,51,0.011089,False,docs/tmp/remaining-cabinet-door-investigation/renders84/az045_scale100_elev35/cabinet/71d744218980f92027ad956f72cafbff/back.png
az045_scale100_elev35_84,cabinet,71d744218980f92027ad956f72cafbff,right,blank,0.000000,0,0,0.000000,False,docs/tmp/remaining-cabinet-door-investigation/renders84/az045_scale100_elev35/cabinet/71d744218980f92027ad956f72cafbff/right.png
az045_scale100_elev35_84,cabinet,72c6bb3de9a62e85fa40e3791a4dd959,front,blank,0.000000,0,0,0.000000,False,docs/tmp/remaining-cabinet-door-investigation/renders84/az045_scale100_elev35/cabinet/72c6bb3de9a62e85fa40e3791a4dd959/front.png
az045_scale100_elev35_84,cabinet,72c6bb3de9a62e85fa40e3791a4dd959,left,blank,0.000000,0,0,0.000000,False,docs/tmp/remaining-cabinet-door-investigation/renders84/az045_scale100_elev35/cabinet/72c6bb3de9a62e85fa40e3791a4dd959/left.png
az045_scale100_elev35_84,cabinet,72c6bb3de9a62e85fa40e3791a4dd959,back,ok,0.003735,74,95,0.026817,True,docs/tmp/remaining-cabinet-door-investigation/renders84/az045_scale100_elev35/cabinet/72c6bb3de9a62e85fa40e3791a4dd959/back.png
az045_scale100_elev35_84,cabinet,72c6bb3de9a62e85fa40e3791a4dd959,right,blank,0.000000,0,0,0.000000,False,docs/tmp/remaining-cabinet-door-investigation/renders84/az045_scale100_elev35/cabinet/72c6bb3de9a62e85fa40e3791a4dd959/right.png
az045_scale100_elev35_84,cabinet,74c84af7af82f0b63b0d2345a7e886cd,front,blank,0.000839,27,9,0.000927,True,docs/tmp/remaining-cabinet-door-investigation/renders84/az045_scale100_elev35/cabinet/74c84af7af82f0b63b0d2345a7e886cd/front.png
az045_scale100_elev35_84,cabinet,74c84af7af82f0b63b0d2345a7e886cd,left,blank,0.000000,0,0,0.000000,False,docs/tmp/remaining-cabinet-door-investigation/renders84/az045_scale100_elev35/cabinet/74c84af7af82f0b63b0d2345a7e886cd/left.png
az045_scale100_elev35_84,cabinet,74c84af7af82f0b63b0d2345a7e886cd,back,blank,0.000000,0,0,0.000000,False,docs/tmp/remaining-cabinet-door-investigation/renders84/az045_scale100_elev35/cabinet/74c84af7af82f0b63b0d2345a7e886cd/back.png
az045_scale100_elev35_84,cabinet,74c84af7af82f0b63b0d2345a7e886cd,right,blank,0.000000,0,0,0.000000,False,docs/tmp/remaining-cabinet-door-investigation/renders84/az045_scale100_elev35/cabinet/74c84af7af82f0b63b0d2345a7e886cd/right.png
az045_scale100_elev35_84,cabinet,77d0281fa21a82ad092dd4db5aa83ce3,front,blank,0.000000,0,0,0.000000,False,docs/tmp/remaining-cabinet-door-investigation/renders84/az045_scale100_elev35/cabinet/77d0281fa21a82ad092dd4db5aa83ce3/front.png
az045_scale100_elev35_84,cabinet,77d0281fa21a82ad092dd4db5aa83ce3,left,blank,0.000000,0,0,0.000000,False,docs/tmp/remaining-cabinet-door-investigation/renders84/az045_scale100_elev35/cabinet/77d0281fa21a82ad092dd4db5aa83ce3/left.png
az045_scale100_elev35_84,cabinet,77d0281fa21a82ad092dd4db5aa83ce3,back,tiny,0.004787,69,43,0.011318,False,docs/tmp/remaining-cabinet-door-investigation/renders84/az045_scale100_elev35/cabinet/77d0281fa21a82ad092dd4db5aa83ce3/back.png
az045_scale100_elev35_84,cabinet,77d0281fa21a82ad092dd4db5aa83ce3,right,blank,0.000000,0,0,0.000000,False,docs/tmp/remaining-cabinet-door-investigation/renders84/az045_scale100_elev35/cabinet/77d0281fa21a82ad092dd4db5aa83ce3/right.png
az045_scale100_elev35_84,cabinet,80a5764eb9cfe7826affa60737878d6e,front,blank,0.000000,0,0,0.000000,False,docs/tmp/remaining-cabinet-door-investigation/renders84/az045_scale100_elev35/cabinet/80a5764eb9cfe7826affa60737878d6e/front.png
az045_scale100_elev35_84,cabinet,80a5764eb9cfe7826affa60737878d6e,left,blank,0.000000,0,0,0.000000,False,docs/tmp/remaining-cabinet-door-investigation/renders84/az045_scale100_elev35/cabinet/80a5764eb9cfe7826affa60737878d6e/left.png
az045_scale100_elev35_84,cabinet,80a5764eb9cfe7826affa60737878d6e,back,blank,0.000000,0,0,0.000000,False,docs/tmp/remaining-cabinet-door-investigation/renders84/az045_scale100_elev35/cabinet/80a5764eb9cfe7826affa60737878d6e/back.png
az045_scale100_elev35_84,cabinet,80a5764eb9cfe7826affa60737878d6e,right,tiny,0.010445,51,79,0.015369,False,docs/tmp/remaining-cabinet-door-investigation/renders84/az045_scale100_elev35/cabinet/80a5764eb9cfe7826affa60737878d6e/right.png
az045_scale100_elev35_84,cabinet,8534a4452085d9d13faaa7af8fc6fbdf,front,blank,0.000000,0,0,0.000000,False,docs/tmp/remaining-cabinet-door-investigation/renders84/az045_scale100_elev35/cabinet/8534a4452085d9d13faaa7af8fc6fbdf/front.png
az045_scale100_elev35_84,cabinet,8534a4452085d9d13faaa7af8fc6fbdf,left,tiny,0.003822,58,47,0.010399,True,docs/tmp/remaining-cabinet-door-investigation/renders84/az045_scale100_elev35/cabinet/8534a4452085d9d13faaa7af8fc6fbdf/left.png
az045_scale100_elev35_84,cabinet,8534a4452085d9d13faaa7af8fc6fbdf,back,blank,0.000000,0,0,0.000000,False,docs/tmp/remaining-cabinet-door-investigation/renders84/az045_scale100_elev35/cabinet/8534a4452085d9d13faaa7af8fc6fbdf/back.png
az045_scale100_elev35_84,cabinet,8534a4452085d9d13faaa7af8fc6fbdf,right,blank,0.000000,0,0,0.000000,False,docs/tmp/remaining-cabinet-door-investigation/renders84/az045_scale100_elev35/cabinet/8534a4452085d9d13faaa7af8fc6fbdf/right.png
az045_scale100_elev35_84,cabinet,97e4e6fdba132273eb1553b855eac208,front,tiny,0.005962,71,36,0.009750,False,docs/tmp/remaining-cabinet-door-investigation/renders84/az045_scale100_elev35/cabinet/97e4e6fdba132273eb1553b855eac208/front.png
az045_scale100_elev35_84,cabinet,97e4e6fdba132273eb1553b855eac208,left,blank,0.000000,0,0,0.000000,False,docs/tmp/remaining-cabinet-door-investigation/renders84/az045_scale100_elev35/cabinet/97e4e6fdba132273eb1553b855eac208/left.png
az045_scale100_elev35_84,cabinet,97e4e6fdba132273eb1553b855eac208,back,blank,0.000000,0,0,0.000000,False,docs/tmp/remaining-cabinet-door-investigation/renders84/az045_scale100_elev35/cabinet/97e4e6fdba132273eb1553b855eac208/back.png
az045_scale100_elev35_84,cabinet,97e4e6fdba132273eb1553b855eac208,right,blank,0.000000,0,0,0.000000,False,docs/tmp/remaining-cabinet-door-investigation/renders84/az045_scale100_elev35/cabinet/97e4e6fdba132273eb1553b855eac208/right.png
az045_scale100_elev35_84,cabinet,98ed5ebf9a72b42a09a1dd23017ffd61,front,blank,0.000000,0,0,0.000000,False,docs/tmp/remaining-cabinet-door-investigation/renders84/az045_scale100_elev35/cabinet/98ed5ebf9a72b42a09a1dd23017ffd61/front.png
az045_scale100_elev35_84,cabinet,98ed5ebf9a72b42a09a1dd23017ffd61,left,blank,0.000000,0,0,0.000000,False,docs/tmp/remaining-cabinet-door-investigation/renders84/az045_scale100_elev35/cabinet/98ed5ebf9a72b42a09a1dd23017ffd61/left.png
az045_scale100_elev35_84,cabinet,98ed5ebf9a72b42a09a1dd23017ffd61,back,tiny,0.009808,77,40,0.011749,False,docs/tmp/remaining-cabinet-door-investigation/renders84/az045_scale100_elev35/cabinet/98ed5ebf9a72b42a09a1dd23017ffd61/back.png
az045_scale100_elev35_84,cabinet,98ed5ebf9a72b42a09a1dd23017ffd61,right,blank,0.000000,0,0,0.000000,False,docs/tmp/remaining-cabinet-door-investigation/renders84/az045_scale100_elev35/cabinet/98ed5ebf9a72b42a09a1dd23017ffd61/right.png
az045_scale100_elev35_84,cabinet,9d4f1b6f3201ec34a50beeedc1e2fd4b,front,blank,0.000000,0,0,0.000000,False,docs/tmp/remaining-cabinet-door-investigation/renders84/az045_scale100_elev35/cabinet/9d4f1b6f3201ec34a50beeedc1e2fd4b/front.png
az045_scale100_elev35_84,cabinet,9d4f1b6f3201ec34a50beeedc1e2fd4b,left,tiny,0.002583,60,51,0.011673,False,docs/tmp/remaining-cabinet-door-investigation/renders84/az045_scale100_elev35/cabinet/9d4f1b6f3201ec34a50beeedc1e2fd4b/left.png
az045_scale100_elev35_84,cabinet,9d4f1b6f3201ec34a50beeedc1e2fd4b,back,blank,0.000000,0,0,0.000000,False,docs/tmp/remaining-cabinet-door-investigation/renders84/az045_scale100_elev35/cabinet/9d4f1b6f3201ec34a50beeedc1e2fd4b/back.png
az045_scale100_elev35_84,cabinet,9d4f1b6f3201ec34a50beeedc1e2fd4b,right,blank,0.000000,0,0,0.000000,False,docs/tmp/remaining-cabinet-door-investigation/renders84/az045_scale100_elev35/cabinet/9d4f1b6f3201ec34a50beeedc1e2fd4b/right.png
az045_scale100_elev35_84,cabinet,9d7a33fc87f1d1f35b9b6c27aa9f0f3c,front,blank,0.000000,0,0,0.000000,False,docs/tmp/remaining-cabinet-door-investigation/renders84/az045_scale100_elev35/cabinet/9d7a33fc87f1d1f35b9b6c27aa9f0f3c/front.png
az045_scale100_elev35_84,cabinet,9d7a33fc87f1d1f35b9b6c27aa9f0f3c,left,blank,0.000000,0,0,0.000000,False,docs/tmp/remaining-cabinet-door-investigation/renders84/az045_scale100_elev35/cabinet/9d7a33fc87f1d1f35b9b6c27aa9f0f3c/left.png
az045_scale100_elev35_84,cabinet,9d7a33fc87f1d1f35b9b6c27aa9f0f3c,back,blank,0.000000,0,0,0.000000,False,docs/tmp/remaining-cabinet-door-investigation/renders84/az045_scale100_elev35/cabinet/9d7a33fc87f1d1f35b9b6c27aa9f0f3c/back.png
az045_scale100_elev35_84,cabinet,9d7a33fc87f1d1f35b9b6c27aa9f0f3c,right,ok,0.005871,86,37,0.012138,False,docs/tmp/remaining-cabinet-door-investigation/renders84/az045_scale100_elev35/cabinet/9d7a33fc87f1d1f35b9b6c27aa9f0f3c/right.png
az045_scale100_elev35_84,cabinet,a0557ed6069e023d09f7d07fd0ee2d8c,front,blank,0.000000,0,0,0.000000,False,docs/tmp/remaining-cabinet-door-investigation/renders84/az045_scale100_elev35/cabinet/a0557ed6069e023d09f7d07fd0ee2d8c/front.png
az045_scale100_elev35_84,cabinet,a0557ed6069e023d09f7d07fd0ee2d8c,left,blank,0.000000,0,0,0.000000,False,docs/tmp/remaining-cabinet-door-investigation/renders84/az045_scale100_elev35/cabinet/a0557ed6069e023d09f7d07fd0ee2d8c/left.png
az045_scale100_elev35_84,cabinet,a0557ed6069e023d09f7d07fd0ee2d8c,back,tiny,0.002796,30,26,0.002975,True,docs/tmp/remaining-cabinet-door-investigation/renders84/az045_scale100_elev35/cabinet/a0557ed6069e023d09f7d07fd0ee2d8c/back.png
az045_scale100_elev35_84,cabinet,a0557ed6069e023d09f7d07fd0ee2d8c,right,blank,0.000000,0,0,0.000000,False,docs/tmp/remaining-cabinet-door-investigation/renders84/az045_scale100_elev35/cabinet/a0557ed6069e023d09f7d07fd0ee2d8c/right.png
az045_scale100_elev35_84,cabinet,a47e962b60da7bece253cf45e250af60,front,blank,0.000000,0,0,0.000000,False,docs/tmp/remaining-cabinet-door-investigation/renders84/az045_scale100_elev35/cabinet/a47e962b60da7bece253cf45e250af60/front.png
az045_scale100_elev35_84,cabinet,a47e962b60da7bece253cf45e250af60,left,blank,0.000000,0,0,0.000000,False,docs/tmp/remaining-cabinet-door-investigation/renders84/az045_scale100_elev35/cabinet/a47e962b60da7bece253cf45e250af60/left.png
az045_scale100_elev35_84,cabinet,a47e962b60da7bece253cf45e250af60,back,blank,0.000000,0,0,0.000000,False,docs/tmp/remaining-cabinet-door-investigation/renders84/az045_scale100_elev35/cabinet/a47e962b60da7bece253cf45e250af60/back.png
az045_scale100_elev35_84,cabinet,a47e962b60da7bece253cf45e250af60,right,blank,0.000000,0,0,0.000000,False,docs/tmp/remaining-cabinet-door-investigation/renders84/az045_scale100_elev35/cabinet/a47e962b60da7bece253cf45e250af60/right.png
az045_scale100_elev35_84,cabinet,aa4a2271947063d2ff6e91dffeefcf81,front,blank,0.000000,0,0,0.000000,False,docs/tmp/remaining-cabinet-door-investigation/renders84/az045_scale100_elev35/cabinet/aa4a2271947063d2ff6e91dffeefcf81/front.png
az045_scale100_elev35_84,cabinet,aa4a2271947063d2ff6e91dffeefcf81,left,blank,0.000000,0,0,0.000000,False,docs/tmp/remaining-cabinet-door-investigation/renders84/az045_scale100_elev35/cabinet/aa4a2271947063d2ff6e91dffeefcf81/left.png
az045_scale100_elev35_84,cabinet,aa4a2271947063d2ff6e91dffeefcf81,back,blank,0.000000,0,0,0.000000,False,docs/tmp/remaining-cabinet-door-investigation/renders84/az045_scale100_elev35/cabinet/aa4a2271947063d2ff6e91dffeefcf81/back.png
az045_scale100_elev35_84,cabinet,aa4a2271947063d2ff6e91dffeefcf81,right,tiny,0.004665,66,33,0.008308,False,docs/tmp/remaining-cabinet-door-investigation/renders84/az045_scale100_elev35/cabinet/aa4a2271947063d2ff6e91dffeefcf81/right.png
az045_scale100_elev35_84,cabinet,abd3bc4faf43927164dc0723fd61da06,front,blank,0.000000,0,0,0.000000,False,docs/tmp/remaining-cabinet-door-investigation/renders84/az045_scale100_elev35/cabinet/abd3bc4faf43927164dc0723fd61da06/front.png
az045_scale100_elev35_84,cabinet,abd3bc4faf43927164dc0723fd61da06,left,blank,0.000000,0,0,0.000000,False,docs/tmp/remaining-cabinet-door-investigation/renders84/az045_scale100_elev35/cabinet/abd3bc4faf43927164dc0723fd61da06/left.png
az045_scale100_elev35_84,cabinet,abd3bc4faf43927164dc0723fd61da06,back,tiny,0.001556,17,36,0.002335,True,docs/tmp/remaining-cabinet-door-investigation/renders84/az045_scale100_elev35/cabinet/abd3bc4faf43927164dc0723fd61da06/back.png
az045_scale100_elev35_84,cabinet,abd3bc4faf43927164dc0723fd61da06,right,blank,0.000000,0,0,0.000000,False,docs/tmp/remaining-cabinet-door-investigation/renders84/az045_scale100_elev35/cabinet/abd3bc4faf43927164dc0723fd61da06/right.png
az045_scale100_elev35_84,cabinet,affb5e1b5b14570602e61c459d6bc7c5,front,blank,0.000000,0,0,0.000000,False,docs/tmp/remaining-cabinet-door-investigation/renders84/az045_scale100_elev35/cabinet/affb5e1b5b14570602e61c459d6bc7c5/front.png
az045_scale100_elev35_84,cabinet,affb5e1b5b14570602e61c459d6bc7c5,left,blank,0.000000,0,0,0.000000,False,docs/tmp/remaining-cabinet-door-investigation/renders84/az045_scale100_elev35/cabinet/affb5e1b5b14570602e61c459d6bc7c5/left.png
az045_scale100_elev35_84,cabinet,affb5e1b5b14570602e61c459d6bc7c5,back,tiny,0.009972,46,68,0.011932,False,docs/tmp/remaining-cabinet-door-investigation/renders84/az045_scale100_elev35/cabinet/affb5e1b5b14570602e61c459d6bc7c5/back.png
az045_scale100_elev35_84,cabinet,affb5e1b5b14570602e61c459d6bc7c5,right,blank,0.000000,0,0,0.000000,False,docs/tmp/remaining-cabinet-door-investigation/renders84/az045_scale100_elev35/cabinet/affb5e1b5b14570602e61c459d6bc7c5/right.png
az045_scale100_elev35_84,cabinet,b21321e1a2848a1a23a0152c137319cd,front,blank,0.000000,0,0,0.000000,False,docs/tmp/remaining-cabinet-door-investigation/renders84/az045_scale100_elev35/cabinet/b21321e1a2848a1a23a0152c137319cd/front.png
az045_scale100_elev35_84,cabinet,b21321e1a2848a1a23a0152c137319cd,left,blank,0.000000,0,0,0.000000,False,docs/tmp/remaining-cabinet-door-investigation/renders84/az045_scale100_elev35/cabinet/b21321e1a2848a1a23a0152c137319cd/left.png
az045_scale100_elev35_84,cabinet,b21321e1a2848a1a23a0152c137319cd,back,blank,0.000000,0,0,0.000000,False,docs/tmp/remaining-cabinet-door-investigation/renders84/az045_scale100_elev35/cabinet/b21321e1a2848a1a23a0152c137319cd/back.png
az045_scale100_elev35_84,cabinet,b21321e1a2848a1a23a0152c137319cd,right,blank,0.000000,0,0,0.000000,False,docs/tmp/remaining-cabinet-door-investigation/renders84/az045_scale100_elev35/cabinet/b21321e1a2848a1a23a0152c137319cd/right.png
az045_scale100_elev35_84,cabinet,baf56f14fe94ce6e51fc2fcd73877608,front,blank,0.000000,0,0,0.000000,False,docs/tmp/remaining-cabinet-door-investigation/renders84/az045_scale100_elev35/cabinet/baf56f14fe94ce6e51fc2fcd73877608/front.png
az045_scale100_elev35_84,cabinet,baf56f14fe94ce6e51fc2fcd73877608,left,blank,0.000000,0,0,0.000000,False,docs/tmp/remaining-cabinet-door-investigation/renders84/az045_scale100_elev35/cabinet/baf56f14fe94ce6e51fc2fcd73877608/left.png
az045_scale100_elev35_84,cabinet,baf56f14fe94ce6e51fc2fcd73877608,back,tiny,0.009045,74,55,0.015526,False,docs/tmp/remaining-cabinet-door-investigation/renders84/az045_scale100_elev35/cabinet/baf56f14fe94ce6e51fc2fcd73877608/back.png
az045_scale100_elev35_84,cabinet,baf56f14fe94ce6e51fc2fcd73877608,right,blank,0.000000,0,0,0.000000,False,docs/tmp/remaining-cabinet-door-investigation/renders84/az045_scale100_elev35/cabinet/baf56f14fe94ce6e51fc2fcd73877608/right.png
az045_scale100_elev35_84,cabinet,c2baafe7faae17a654ae50ac0794baa7,front,blank,0.000000,0,0,0.000000,False,docs/tmp/remaining-cabinet-door-investigation/renders84/az045_scale100_elev35/cabinet/c2baafe7faae17a654ae50ac0794baa7/front.png
az045_scale100_elev35_84,cabinet,c2baafe7faae17a654ae50ac0794baa7,left,ok,0.002304,97,48,0.017761,False,docs/tmp/remaining-cabinet-door-investigation/renders84/az045_scale100_elev35/cabinet/c2baafe7faae17a654ae50ac0794baa7/left.png
az045_scale100_elev35_84,cabinet,c2baafe7faae17a654ae50ac0794baa7,back,blank,0.000000,0,0,0.000000,False,docs/tmp/remaining-cabinet-door-investigation/renders84/az045_scale100_elev35/cabinet/c2baafe7faae17a654ae50ac0794baa7/back.png
az045_scale100_elev35_84,cabinet,c2baafe7faae17a654ae50ac0794baa7,right,blank,0.000000,0,0,0.000000,False,docs/tmp/remaining-cabinet-door-investigation/renders84/az045_scale100_elev35/cabinet/c2baafe7faae17a654ae50ac0794baa7/right.png
az045_scale100_elev35_84,cabinet,c803d393caa7ac5f1ff0fb53e3ff80a8,front,blank,0.000000,0,0,0.000000,False,docs/tmp/remaining-cabinet-door-investigation/renders84/az045_scale100_elev35/cabinet/c803d393caa7ac5f1ff0fb53e3ff80a8/front.png
az045_scale100_elev35_84,cabinet,c803d393caa7ac5f1ff0fb53e3ff80a8,left,blank,0.000000,0,0,0.000000,False,docs/tmp/remaining-cabinet-door-investigation/renders84/az045_scale100_elev35/cabinet/c803d393caa7ac5f1ff0fb53e3ff80a8/left.png
az045_scale100_elev35_84,cabinet,c803d393caa7ac5f1ff0fb53e3ff80a8,back,tiny,0.010651,70,44,0.011749,True,docs/tmp/remaining-cabinet-door-investigation/renders84/az045_scale100_elev35/cabinet/c803d393caa7ac5f1ff0fb53e3ff80a8/back.png
az045_scale100_elev35_84,cabinet,c803d393caa7ac5f1ff0fb53e3ff80a8,right,blank,0.000000,0,0,0.000000,False,docs/tmp/remaining-cabinet-door-investigation/renders84/az045_scale100_elev35/cabinet/c803d393caa7ac5f1ff0fb53e3ff80a8/right.png
az045_scale100_elev35_84,cabinet,cd8e798a564acb1564dc284cbcc5d087,front,blank,0.000000,0,0,0.000000,False,docs/tmp/remaining-cabinet-door-investigation/renders84/az045_scale100_elev35/cabinet/cd8e798a564acb1564dc284cbcc5d087/front.png
az045_scale100_elev35_84,cabinet,cd8e798a564acb1564dc284cbcc5d087,left,ok,0.019951,101,81,0.031208,False,docs/tmp/remaining-cabinet-door-investigation/renders84/az045_scale100_elev35/cabinet/cd8e798a564acb1564dc284cbcc5d087/left.png
az045_scale100_elev35_84,cabinet,cd8e798a564acb1564dc284cbcc5d087,back,blank,0.000000,0,0,0.000000,False,docs/tmp/remaining-cabinet-door-investigation/renders84/az045_scale100_elev35/cabinet/cd8e798a564acb1564dc284cbcc5d087/back.png
az045_scale100_elev35_84,cabinet,cd8e798a564acb1564dc284cbcc5d087,right,blank,0.000000,0,0,0.000000,False,docs/tmp/remaining-cabinet-door-investigation/renders84/az045_scale100_elev35/cabinet/cd8e798a564acb1564dc284cbcc5d087/right.png
az045_scale100_elev35_84,cabinet,ce6d6990195849f50462f4ff0a2b820b,front,ok,0.013416,64,91,0.022217,True,docs/tmp/remaining-cabinet-door-investigation/renders84/az045_scale100_elev35/cabinet/ce6d6990195849f50462f4ff0a2b820b/front.png
az045_scale100_elev35_84,cabinet,ce6d6990195849f50462f4ff0a2b820b,left,blank,0.000000,0,0,0.000000,False,docs/tmp/remaining-cabinet-door-investigation/renders84/az045_scale100_elev35/cabinet/ce6d6990195849f50462f4ff0a2b820b/left.png
az045_scale100_elev35_84,cabinet,ce6d6990195849f50462f4ff0a2b820b,back,blank,0.000000,0,0,0.000000,False,docs/tmp/remaining-cabinet-door-investigation/renders84/az045_scale100_elev35/cabinet/ce6d6990195849f50462f4ff0a2b820b/back.png
az045_scale100_elev35_84,cabinet,ce6d6990195849f50462f4ff0a2b820b,right,ok,0.012886,63,82,0.019707,True,docs/tmp/remaining-cabinet-door-investigation/renders84/az045_scale100_elev35/cabinet/ce6d6990195849f50462f4ff0a2b820b/right.png
az045_scale100_elev35_84,cabinet,cebf73466eb691bf9557a0dc4cf35f67,front,ok,0.005669,93,36,0.012772,False,docs/tmp/remaining-cabinet-door-investigation/renders84/az045_scale100_elev35/cabinet/cebf73466eb691bf9557a0dc4cf35f67/front.png
az045_scale100_elev35_84,cabinet,cebf73466eb691bf9557a0dc4cf35f67,left,blank,0.000000,0,0,0.000000,False,docs/tmp/remaining-cabinet-door-investigation/renders84/az045_scale100_elev35/cabinet/cebf73466eb691bf9557a0dc4cf35f67/left.png
az045_scale100_elev35_84,cabinet,cebf73466eb691bf9557a0dc4cf35f67,back,blank,0.000000,0,0,0.000000,False,docs/tmp/remaining-cabinet-door-investigation/renders84/az045_scale100_elev35/cabinet/cebf73466eb691bf9557a0dc4cf35f67/back.png
az045_scale100_elev35_84,cabinet,cebf73466eb691bf9557a0dc4cf35f67,right,blank,0.000000,0,0,0.000000,False,docs/tmp/remaining-cabinet-door-investigation/renders84/az045_scale100_elev35/cabinet/cebf73466eb691bf9557a0dc4cf35f67/right.png
az045_scale100_elev35_84,cabinet,cefd05f9afdac3ea57802435e42820d0,front,ok,0.010143,94,45,0.016136,False,docs/tmp/remaining-cabinet-door-investigation/renders84/az045_scale100_elev35/cabinet/cefd05f9afdac3ea57802435e42820d0/front.png
az045_scale100_elev35_84,cabinet,cefd05f9afdac3ea57802435e42820d0,left,blank,0.000000,0,0,0.000000,False,docs/tmp/remaining-cabinet-door-investigation/renders84/az045_scale100_elev35/cabinet/cefd05f9afdac3ea57802435e42820d0/left.png
az045_scale100_elev35_84,cabinet,cefd05f9afdac3ea57802435e42820d0,back,blank,0.000000,0,0,0.000000,False,docs/tmp/remaining-cabinet-door-investigation/renders84/az045_scale100_elev35/cabinet/cefd05f9afdac3ea57802435e42820d0/back.png
az045_scale100_elev35_84,cabinet,cefd05f9afdac3ea57802435e42820d0,right,blank,0.000000,0,0,0.000000,False,docs/tmp/remaining-cabinet-door-investigation/renders84/az045_scale100_elev35/cabinet/cefd05f9afdac3ea57802435e42820d0/right.png
az045_scale100_elev35_84,cabinet,d0ef1eb90058ae933c334290d1ac83fc,front,blank,0.000000,0,0,0.000000,False,docs/tmp/remaining-cabinet-door-investigation/renders84/az045_scale100_elev35/cabinet/d0ef1eb90058ae933c334290d1ac83fc/front.png
az045_scale100_elev35_84,cabinet,d0ef1eb90058ae933c334290d1ac83fc,left,blank,0.000000,0,0,0.000000,False,docs/tmp/remaining-cabinet-door-investigation/renders84/az045_scale100_elev35/cabinet/d0ef1eb90058ae933c334290d1ac83fc/left.png
az045_scale100_elev35_84,cabinet,d0ef1eb90058ae933c334290d1ac83fc,back,tiny,0.006142,62,29,0.006859,True,docs/tmp/remaining-cabinet-door-investigation/renders84/az045_scale100_elev35/cabinet/d0ef1eb90058ae933c334290d1ac83fc/back.png
az045_scale100_elev35_84,cabinet,d0ef1eb90058ae933c334290d1ac83fc,right,blank,0.000000,0,0,0.000000,False,docs/tmp/remaining-cabinet-door-investigation/renders84/az045_scale100_elev35/cabinet/d0ef1eb90058ae933c334290d1ac83fc/right.png
az045_scale100_elev35_84,cabinet,d25b1eaa551dc87164ebc6fecefa5e20,front,blank,0.000000,0,0,0.000000,False,docs/tmp/remaining-cabinet-door-investigation/renders84/az045_scale100_elev35/cabinet/d25b1eaa551dc87164ebc6fecefa5e20/front.png
az045_scale100_elev35_84,cabinet,d25b1eaa551dc87164ebc6fecefa5e20,left,blank,0.000000,0,0,0.000000,False,docs/tmp/remaining-cabinet-door-investigation/renders84/az045_scale100_elev35/cabinet/d25b1eaa551dc87164ebc6fecefa5e20/left.png
az045_scale100_elev35_84,cabinet,d25b1eaa551dc87164ebc6fecefa5e20,back,ok,0.014290,96,53,0.019409,False,docs/tmp/remaining-cabinet-door-investigation/renders84/az045_scale100_elev35/cabinet/d25b1eaa551dc87164ebc6fecefa5e20/back.png
az045_scale100_elev35_84,cabinet,d25b1eaa551dc87164ebc6fecefa5e20,right,blank,0.000000,0,0,0.000000,False,docs/tmp/remaining-cabinet-door-investigation/renders84/az045_scale100_elev35/cabinet/d25b1eaa551dc87164ebc6fecefa5e20/right.png
az045_scale100_elev35_84,cabinet,d42f2e8221d899971e2effeaf540e2cb,front,blank,0.000000,0,0,0.000000,False,docs/tmp/remaining-cabinet-door-investigation/renders84/az045_scale100_elev35/cabinet/d42f2e8221d899971e2effeaf540e2cb/front.png
az045_scale100_elev35_84,cabinet,d42f2e8221d899971e2effeaf540e2cb,left,blank,0.000000,0,0,0.000000,False,docs/tmp/remaining-cabinet-door-investigation/renders84/az045_scale100_elev35/cabinet/d42f2e8221d899971e2effeaf540e2cb/left.png
az045_scale100_elev35_84,cabinet,d42f2e8221d899971e2effeaf540e2cb,back,ok,0.014824,94,63,0.022591,False,docs/tmp/remaining-cabinet-door-investigation/renders84/az045_scale100_elev35/cabinet/d42f2e8221d899971e2effeaf540e2cb/back.png
az045_scale100_elev35_84,cabinet,d42f2e8221d899971e2effeaf540e2cb,right,blank,0.000000,0,0,0.000000,False,docs/tmp/remaining-cabinet-door-investigation/renders84/az045_scale100_elev35/cabinet/d42f2e8221d899971e2effeaf540e2cb/right.png
az045_scale100_elev35_84,cabinet,d7369035ad50d263c7bb172b208d92c2,front,tiny,0.001213,37,17,0.002399,False,docs/tmp/remaining-cabinet-door-investigation/renders84/az045_scale100_elev35/cabinet/d7369035ad50d263c7bb172b208d92c2/front.png
az045_scale100_elev35_84,cabinet,d7369035ad50d263c7bb172b208d92c2,left,blank,0.000000,0,0,0.000000,False,docs/tmp/remaining-cabinet-door-investigation/renders84/az045_scale100_elev35/cabinet/d7369035ad50d263c7bb172b208d92c2/left.png
az045_scale100_elev35_84,cabinet,d7369035ad50d263c7bb172b208d92c2,back,blank,0.000000,0,0,0.000000,False,docs/tmp/remaining-cabinet-door-investigation/renders84/az045_scale100_elev35/cabinet/d7369035ad50d263c7bb172b208d92c2/back.png
az045_scale100_elev35_84,cabinet,d7369035ad50d263c7bb172b208d92c2,right,blank,0.000000,0,0,0.000000,False,docs/tmp/remaining-cabinet-door-investigation/renders84/az045_scale100_elev35/cabinet/d7369035ad50d263c7bb172b208d92c2/right.png
az045_scale100_elev35_84,cabinet,def8f92095cc409637c90677fdc879ce,front,blank,0.000000,0,0,0.000000,False,docs/tmp/remaining-cabinet-door-investigation/renders84/az045_scale100_elev35/cabinet/def8f92095cc409637c90677fdc879ce/front.png
az045_scale100_elev35_84,cabinet,def8f92095cc409637c90677fdc879ce,left,ok,0.010517,104,52,0.020630,False,docs/tmp/remaining-cabinet-door-investigation/renders84/az045_scale100_elev35/cabinet/def8f92095cc409637c90677fdc879ce/left.png
az045_scale100_elev35_84,cabinet,def8f92095cc409637c90677fdc879ce,back,blank,0.000000,0,0,0.000000,False,docs/tmp/remaining-cabinet-door-investigation/renders84/az045_scale100_elev35/cabinet/def8f92095cc409637c90677fdc879ce/back.png
az045_scale100_elev35_84,cabinet,def8f92095cc409637c90677fdc879ce,right,blank,0.000000,0,0,0.000000,False,docs/tmp/remaining-cabinet-door-investigation/renders84/az045_scale100_elev35/cabinet/def8f92095cc409637c90677fdc879ce/right.png
az045_scale100_elev35_84,cabinet,e21d4bb1dbfcf5807d8aa4418113613c,front,blank,0.000000,0,0,0.000000,False,docs/tmp/remaining-cabinet-door-investigation/renders84/az045_scale100_elev35/cabinet/e21d4bb1dbfcf5807d8aa4418113613c/front.png
az045_scale100_elev35_84,cabinet,e21d4bb1dbfcf5807d8aa4418113613c,left,tiny,0.008667,67,50,0.012779,False,docs/tmp/remaining-cabinet-door-investigation/renders84/az045_scale100_elev35/cabinet/e21d4bb1dbfcf5807d8aa4418113613c/left.png
az045_scale100_elev35_84,cabinet,e21d4bb1dbfcf5807d8aa4418113613c,back,blank,0.000000,0,0,0.000000,False,docs/tmp/remaining-cabinet-door-investigation/renders84/az045_scale100_elev35/cabinet/e21d4bb1dbfcf5807d8aa4418113613c/back.png
az045_scale100_elev35_84,cabinet,e21d4bb1dbfcf5807d8aa4418113613c,right,blank,0.000000,0,0,0.000000,False,docs/tmp/remaining-cabinet-door-investigation/renders84/az045_scale100_elev35/cabinet/e21d4bb1dbfcf5807d8aa4418113613c/right.png
az045_scale100_elev35_84,cabinet,e2b8800c58a36ce26a041ea22343d54a,front,blank,0.000000,0,0,0.000000,False,docs/tmp/remaining-cabinet-door-investigation/renders84/az045_scale100_elev35/cabinet/e2b8800c58a36ce26a041ea22343d54a/front.png
az045_scale100_elev35_84,cabinet,e2b8800c58a36ce26a041ea22343d54a,left,blank,0.000000,0,0,0.000000,False,docs/tmp/remaining-cabinet-door-investigation/renders84/az045_scale100_elev35/cabinet/e2b8800c58a36ce26a041ea22343d54a/left.png
az045_scale100_elev35_84,cabinet,e2b8800c58a36ce26a041ea22343d54a,back,blank,0.000000,0,0,0.000000,False,docs/tmp/remaining-cabinet-door-investigation/renders84/az045_scale100_elev35/cabinet/e2b8800c58a36ce26a041ea22343d54a/back.png
az045_scale100_elev35_84,cabinet,e2b8800c58a36ce26a041ea22343d54a,right,blank,0.000000,0,0,0.000000,False,docs/tmp/remaining-cabinet-door-investigation/renders84/az045_scale100_elev35/cabinet/e2b8800c58a36ce26a041ea22343d54a/right.png
az045_scale100_elev35_84,cabinet,e9a4e1fc5ec5eaa27245f6a2b75993ba,front,blank,0.000000,0,0,0.000000,False,docs/tmp/remaining-cabinet-door-investigation/renders84/az045_scale100_elev35/cabinet/e9a4e1fc5ec5eaa27245f6a2b75993ba/front.png
az045_scale100_elev35_84,cabinet,e9a4e1fc5ec5eaa27245f6a2b75993ba,left,blank,0.000000,0,0,0.000000,False,docs/tmp/remaining-cabinet-door-investigation/renders84/az045_scale100_elev35/cabinet/e9a4e1fc5ec5eaa27245f6a2b75993ba/left.png
az045_scale100_elev35_84,cabinet,e9a4e1fc5ec5eaa27245f6a2b75993ba,back,blank,0.000000,0,0,0.000000,False,docs/tmp/remaining-cabinet-door-investigation/renders84/az045_scale100_elev35/cabinet/e9a4e1fc5ec5eaa27245f6a2b75993ba/back.png
az045_scale100_elev35_84,cabinet,e9a4e1fc5ec5eaa27245f6a2b75993ba,right,blank,0.000000,0,0,0.000000,False,docs/tmp/remaining-cabinet-door-investigation/renders84/az045_scale100_elev35/cabinet/e9a4e1fc5ec5eaa27245f6a2b75993ba/right.png
az045_scale100_elev35_84,cabinet,ebc2b84a248d43815706c0cc06013d2d,front,blank,0.000000,0,0,0.000000,False,docs/tmp/remaining-cabinet-door-investigation/renders84/az045_scale100_elev35/cabinet/ebc2b84a248d43815706c0cc06013d2d/front.png
az045_scale100_elev35_84,cabinet,ebc2b84a248d43815706c0cc06013d2d,left,blank,0.000000,0,0,0.000000,False,docs/tmp/remaining-cabinet-door-investigation/renders84/az045_scale100_elev35/cabinet/ebc2b84a248d43815706c0cc06013d2d/left.png
az045_scale100_elev35_84,cabinet,ebc2b84a248d43815706c0cc06013d2d,back,tiny,0.007187,42,52,0.008331,False,docs/tmp/remaining-cabinet-door-investigation/renders84/az045_scale100_elev35/cabinet/ebc2b84a248d43815706c0cc06013d2d/back.png
az045_scale100_elev35_84,cabinet,ebc2b84a248d43815706c0cc06013d2d,right,blank,0.000000,0,0,0.000000,False,docs/tmp/remaining-cabinet-door-investigation/renders84/az045_scale100_elev35/cabinet/ebc2b84a248d43815706c0cc06013d2d/right.png
az045_scale100_elev35_84,cabinet,ee5e3b5379985e5884dca7d4bafcab0f,front,blank,0.000000,0,0,0.000000,False,docs/tmp/remaining-cabinet-door-investigation/renders84/az045_scale100_elev35/cabinet/ee5e3b5379985e5884dca7d4bafcab0f/front.png
az045_scale100_elev35_84,cabinet,ee5e3b5379985e5884dca7d4bafcab0f,left,blank,0.000000,0,0,0.000000,False,docs/tmp/remaining-cabinet-door-investigation/renders84/az045_scale100_elev35/cabinet/ee5e3b5379985e5884dca7d4bafcab0f/left.png
az045_scale100_elev35_84,cabinet,ee5e3b5379985e5884dca7d4bafcab0f,back,blank,0.000000,0,0,0.000000,False,docs/tmp/remaining-cabinet-door-investigation/renders84/az045_scale100_elev35/cabinet/ee5e3b5379985e5884dca7d4bafcab0f/back.png
az045_scale100_elev35_84,cabinet,ee5e3b5379985e5884dca7d4bafcab0f,right,blank,0.000000,0,0,0.000000,False,docs/tmp/remaining-cabinet-door-investigation/renders84/az045_scale100_elev35/cabinet/ee5e3b5379985e5884dca7d4bafcab0f/right.png
az045_scale100_elev35_84,cabinet,f307d93cd235772ea4688ee1f9d51778,front,blank,0.000000,0,0,0.000000,False,docs/tmp/remaining-cabinet-door-investigation/renders84/az045_scale100_elev35/cabinet/f307d93cd235772ea4688ee1f9d51778/front.png
az045_scale100_elev35_84,cabinet,f307d93cd235772ea4688ee1f9d51778,left,blank,0.000000,0,0,0.000000,False,docs/tmp/remaining-cabinet-door-investigation/renders84/az045_scale100_elev35/cabinet/f307d93cd235772ea4688ee1f9d51778/left.png
az045_scale100_elev35_84,cabinet,f307d93cd235772ea4688ee1f9d51778,back,tiny,0.004711,50,46,0.008774,True,docs/tmp/remaining-cabinet-door-investigation/renders84/az045_scale100_elev35/cabinet/f307d93cd235772ea4688ee1f9d51778/back.png
az045_scale100_elev35_84,cabinet,f307d93cd235772ea4688ee1f9d51778,right,blank,0.000000,0,0,0.000000,False,docs/tmp/remaining-cabinet-door-investigation/renders84/az045_scale100_elev35/cabinet/f307d93cd235772ea4688ee1f9d51778/right.png
az045_scale100_elev35_84,cabinet,f471513f73ace7981707dea152802450,front,ok,0.011391,59,84,0.018906,False,docs/tmp/remaining-cabinet-door-investigation/renders84/az045_scale100_elev35/cabinet/f471513f73ace7981707dea152802450/front.png
az045_scale100_elev35_84,cabinet,f471513f73ace7981707dea152802450,left,blank,0.000000,0,0,0.000000,False,docs/tmp/remaining-cabinet-door-investigation/renders84/az045_scale100_elev35/cabinet/f471513f73ace7981707dea152802450/left.png
az045_scale100_elev35_84,cabinet,f471513f73ace7981707dea152802450,back,blank,0.000000,0,0,0.000000,False,docs/tmp/remaining-cabinet-door-investigation/renders84/az045_scale100_elev35/cabinet/f471513f73ace7981707dea152802450/back.png
az045_scale100_elev35_84,cabinet,f471513f73ace7981707dea152802450,right,blank,0.000000,0,0,0.000000,False,docs/tmp/remaining-cabinet-door-investigation/renders84/az045_scale100_elev35/cabinet/f471513f73ace7981707dea152802450/right.png
az045_scale100_elev35_84,cabinet,f54498f152adc7faea9a7bee1bb3c0a1,front,blank,0.000000,0,0,0.000000,False,docs/tmp/remaining-cabinet-door-investigation/renders84/az045_scale100_elev35/cabinet/f54498f152adc7faea9a7bee1bb3c0a1/front.png
az045_scale100_elev35_84,cabinet,f54498f152adc7faea9a7bee1bb3c0a1,left,blank,0.000000,0,0,0.000000,False,docs/tmp/remaining-cabinet-door-investigation/renders84/az045_scale100_elev35/cabinet/f54498f152adc7faea9a7bee1bb3c0a1/left.png
az045_scale100_elev35_84,cabinet,f54498f152adc7faea9a7bee1bb3c0a1,back,blank,0.000000,0,0,0.000000,False,docs/tmp/remaining-cabinet-door-investigation/renders84/az045_scale100_elev35/cabinet/f54498f152adc7faea9a7bee1bb3c0a1/back.png
az045_scale100_elev35_84,cabinet,f54498f152adc7faea9a7bee1bb3c0a1,right,blank,0.000000,0,0,0.000000,False,docs/tmp/remaining-cabinet-door-investigation/renders84/az045_scale100_elev35/cabinet/f54498f152adc7faea9a7bee1bb3c0a1/right.png
az045_scale100_elev35_84,cabinet,f607af751f597c1f78f663c648c662f9,front,blank,0.000000,0,0,0.000000,False,docs/tmp/remaining-cabinet-door-investigation/renders84/az045_scale100_elev35/cabinet/f607af751f597c1f78f663c648c662f9/front.png
az045_scale100_elev35_84,cabinet,f607af751f597c1f78f663c648c662f9,left,ok,0.015957,98,73,0.027290,False,docs/tmp/remaining-cabinet-door-investigation/renders84/az045_scale100_elev35/cabinet/f607af751f597c1f78f663c648c662f9/left.png
az045_scale100_elev35_84,cabinet,f607af751f597c1f78f663c648c662f9,back,blank,0.000000,0,0,0.000000,False,docs/tmp/remaining-cabinet-door-investigation/renders84/az045_scale100_elev35/cabinet/f607af751f597c1f78f663c648c662f9/back.png
az045_scale100_elev35_84,cabinet,f607af751f597c1f78f663c648c662f9,right,blank,0.000000,0,0,0.000000,False,docs/tmp/remaining-cabinet-door-investigation/renders84/az045_scale100_elev35/cabinet/f607af751f597c1f78f663c648c662f9/right.png
az045_scale100_elev35_84,cabinet,fd0a02a7d9f6ceba9af45e731c8231b1,front,blank,0.000000,0,0,0.000000,False,docs/tmp/remaining-cabinet-door-investigation/renders84/az045_scale100_elev35/cabinet/fd0a02a7d9f6ceba9af45e731c8231b1/front.png
az045_scale100_elev35_84,cabinet,fd0a02a7d9f6ceba9af45e731c8231b1,left,blank,0.000000,0,0,0.000000,False,docs/tmp/remaining-cabinet-door-investigation/renders84/az045_scale100_elev35/cabinet/fd0a02a7d9f6ceba9af45e731c8231b1/left.png
az045_scale100_elev35_84,cabinet,fd0a02a7d9f6ceba9af45e731c8231b1,back,tiny,0.003601,54,34,0.007004,False,docs/tmp/remaining-cabinet-door-investigation/renders84/az045_scale100_elev35/cabinet/fd0a02a7d9f6ceba9af45e731c8231b1/back.png
az045_scale100_elev35_84,cabinet,fd0a02a7d9f6ceba9af45e731c8231b1,right,blank,0.000000,0,0,0.000000,False,docs/tmp/remaining-cabinet-door-investigation/renders84/az045_scale100_elev35/cabinet/fd0a02a7d9f6ceba9af45e731c8231b1/right.png
az045_scale100_elev35_84,cabinet,fec9c1b32f7a49927df3104e714643c5,front,blank,0.000000,0,0,0.000000,False,docs/tmp/remaining-cabinet-door-investigation/renders84/az045_scale100_elev35/cabinet/fec9c1b32f7a49927df3104e714643c5/front.png
az045_scale100_elev35_84,cabinet,fec9c1b32f7a49927df3104e714643c5,left,blank,0.000000,0,0,0.000000,False,docs/tmp/remaining-cabinet-door-investigation/renders84/az045_scale100_elev35/cabinet/fec9c1b32f7a49927df3104e714643c5/left.png
az045_scale100_elev35_84,cabinet,fec9c1b32f7a49927df3104e714643c5,back,blank,0.000000,0,0,0.000000,False,docs/tmp/remaining-cabinet-door-investigation/renders84/az045_scale100_elev35/cabinet/fec9c1b32f7a49927df3104e714643c5/back.png
az045_scale100_elev35_84,cabinet,fec9c1b32f7a49927df3104e714643c5,right,blank,0.000000,0,0,0.000000,False,docs/tmp/remaining-cabinet-door-investigation/renders84/az045_scale100_elev35/cabinet/fec9c1b32f7a49927df3104e714643c5/right.png
az045_scale100_elev35_84,door,1f614c5e84cf7ab87a1fc0d1bcf00f40,front,blank,0.000000,0,0,0.000000,False,docs/tmp/remaining-cabinet-door-investigation/renders84/az045_scale100_elev35/door/1f614c5e84cf7ab87a1fc0d1bcf00f40/front.png
az045_scale100_elev35_84,door,1f614c5e84cf7ab87a1fc0d1bcf00f40,left,blank,0.000000,0,0,0.000000,False,docs/tmp/remaining-cabinet-door-investigation/renders84/az045_scale100_elev35/door/1f614c5e84cf7ab87a1fc0d1bcf00f40/left.png
az045_scale100_elev35_84,door,1f614c5e84cf7ab87a1fc0d1bcf00f40,back,blank,0.000000,0,0,0.000000,False,docs/tmp/remaining-cabinet-door-investigation/renders84/az045_scale100_elev35/door/1f614c5e84cf7ab87a1fc0d1bcf00f40/back.png
az045_scale100_elev35_84,door,1f614c5e84cf7ab87a1fc0d1bcf00f40,right,ok,0.022858,158,65,0.039177,False,docs/tmp/remaining-cabinet-door-investigation/renders84/az045_scale100_elev35/door/1f614c5e84cf7ab87a1fc0d1bcf00f40/right.png
az045_scale100_elev35_84,door,6afa6a3493e29ed1635708a62356a344,front,blank,0.000000,0,0,0.000000,False,docs/tmp/remaining-cabinet-door-investigation/renders84/az045_scale100_elev35/door/6afa6a3493e29ed1635708a62356a344/front.png
az045_scale100_elev35_84,door,6afa6a3493e29ed1635708a62356a344,left,blank,0.000000,0,0,0.000000,False,docs/tmp/remaining-cabinet-door-investigation/renders84/az045_scale100_elev35/door/6afa6a3493e29ed1635708a62356a344/left.png
az045_scale100_elev35_84,door,6afa6a3493e29ed1635708a62356a344,back,blank,0.000000,0,0,0.000000,False,docs/tmp/remaining-cabinet-door-investigation/renders84/az045_scale100_elev35/door/6afa6a3493e29ed1635708a62356a344/back.png
az045_scale100_elev35_84,door,6afa6a3493e29ed1635708a62356a344,right,ok,0.016113,137,51,0.026653,False,docs/tmp/remaining-cabinet-door-investigation/renders84/az045_scale100_elev35/door/6afa6a3493e29ed1635708a62356a344/right.png
az045_scale100_elev35_84,door,6bd5f918180b6daea2ccb7ffab245661,front,blank,0.000000,0,0,0.000000,False,docs/tmp/remaining-cabinet-door-investigation/renders84/az045_scale100_elev35/door/6bd5f918180b6daea2ccb7ffab245661/front.png
az045_scale100_elev35_84,door,6bd5f918180b6daea2ccb7ffab245661,left,blank,0.000000,0,0,0.000000,False,docs/tmp/remaining-cabinet-door-investigation/renders84/az045_scale100_elev35/door/6bd5f918180b6daea2ccb7ffab245661/left.png
az045_scale100_elev35_84,door,6bd5f918180b6daea2ccb7ffab245661,back,tiny,0.008003,70,56,0.014954,True,docs/tmp/remaining-cabinet-door-investigation/renders84/az045_scale100_elev35/door/6bd5f918180b6daea2ccb7ffab245661/back.png
az045_scale100_elev35_84,door,6bd5f918180b6daea2ccb7ffab245661,right,blank,0.000000,0,0,0.000000,False,docs/tmp/remaining-cabinet-door-investigation/renders84/az045_scale100_elev35/door/6bd5f918180b6daea2ccb7ffab245661/right.png
az045_scale100_elev35_84,door,7b46af01a13e3ca1723c1574556af337,front,blank,0.000000,0,0,0.000000,False,docs/tmp/remaining-cabinet-door-investigation/renders84/az045_scale100_elev35/door/7b46af01a13e3ca1723c1574556af337/front.png
az045_scale100_elev35_84,door,7b46af01a13e3ca1723c1574556af337,left,blank,0.000000,0,0,0.000000,False,docs/tmp/remaining-cabinet-door-investigation/renders84/az045_scale100_elev35/door/7b46af01a13e3ca1723c1574556af337/left.png
az045_scale100_elev35_84,door,7b46af01a13e3ca1723c1574556af337,back,blank,0.000000,0,0,0.000000,False,docs/tmp/remaining-cabinet-door-investigation/renders84/az045_scale100_elev35/door/7b46af01a13e3ca1723c1574556af337/back.png
az045_scale100_elev35_84,door,7b46af01a13e3ca1723c1574556af337,right,ok,0.008976,113,37,0.015949,False,docs/tmp/remaining-cabinet-door-investigation/renders84/az045_scale100_elev35/door/7b46af01a13e3ca1723c1574556af337/right.png
az045_scale100_elev35_84,door,b16b5205214f15c42aed50b3a329326e,front,ok,0.009010,69,110,0.028954,False,docs/tmp/remaining-cabinet-door-investigation/renders84/az045_scale100_elev35/door/b16b5205214f15c42aed50b3a329326e/front.png
az045_scale100_elev35_84,door,b16b5205214f15c42aed50b3a329326e,left,blank,0.000000,0,0,0.000000,False,docs/tmp/remaining-cabinet-door-investigation/renders84/az045_scale100_elev35/door/b16b5205214f15c42aed50b3a329326e/left.png
az045_scale100_elev35_84,door,b16b5205214f15c42aed50b3a329326e,back,blank,0.000000,0,0,0.000000,False,docs/tmp/remaining-cabinet-door-investigation/renders84/az045_scale100_elev35/door/b16b5205214f15c42aed50b3a329326e/back.png
az045_scale100_elev35_84,door,b16b5205214f15c42aed50b3a329326e,right,blank,0.000000,0,0,0.000000,False,docs/tmp/remaining-cabinet-door-investigation/renders84/az045_scale100_elev35/door/b16b5205214f15c42aed50b3a329326e/right.png
